:1000000078D200200102000001030000010300007B
:1000100001030000010300000103000000000000D4
:10002000000000000000000000000000317F000020
:1000300001030000000000009D7F0000AD7F000074
:1000400001030000292700005D10000001030000EB
:10005000010300000103000051180000751B00009F
:1000600091020000010300000103000001030000F1
:100070000103000001030000010300000103000070
:1000800001030000E1020000010300000103000081
:100090000103000001030000D10200000103000081
:1000A0000103000001030000010300000103000040
:1000B0000103000001030000000000000000000038
:1000C0000103000001030000010300000103000020
:1000D0000103000001030000010300000103000010
:1000E000010300000000000000000000000000000C
:1000F00000000000010300000000000001030000F8
:1001000000000000000000000000000000000000EF
:1001100000000000000000000000000000000000DF
:1001200000000000000000000000000000000000CF
:1001300000000000000000000000000000000000BF
:1001400000000000000000000000000000000000AF
:10015000000000000000000000000000000000009F
:10016000000000000000000000000000000000008F
:10017000000000000000000000000000000000007F
:10018000000000000000000000000000000000006F
:10019000000000000000000000000000000000005F
:1001A000000000000000000000000000000000004F
:1001B000000000000000000000000000000000003F
:1001C000000000000000000000000000000000002F
:1001D000000000000000000000000000000000001F
:1001E000000000000000000000000000000000000F
:1001F00000000000000000000000000000000000FF
:1002000080B500AF00F005F800F09CF800F0E8F8C9
:10021000FEE780B483B000AF114B7B60114B3B60B5
:1002200007E07A68131D7B603B68191D396012680E
:100230001A603B680C4A9342F3D30B4B3B6005E0DA
:100240003B6800221A603B6804333B603B68074A06
:100250009342F5D300BF0C37BD465DF8047B704771
:10026000BC5E0100000000209008002074B2002055
:1002700080B500AF0021002000F08EFD00BF80BDE2
:1002800080B500AF0021012000F086FD00BF80BDD9
:1002900080B500AF0121012000F07EFD00BF80BDD0
:1002A00080B500AF0021022000F076FD00BF80BDC8
:1002B00080B500AF0121022000F06EFD00BF80BDBF
:1002C00080B500AF0021032000F066FD00BF80BDB7
:1002D00080B500AF0121032000F05EFD00BF80BDAE
:1002E00080B500AF0221032000F056FD00BF80BDA5
:1002F00080B500AF0321032000F04EFD00BF80BD9C
:1003000080B500AF0421042000F046FD00BF80BD91
:1003100080B400AF4FF0804301221A6000BF064B4B
:100320001B68002BFBD0054B054A1A6000BFBD4679
:100330005DF8047B704700BF00010040900800207A
:100340000090D00380B500AF044B1B68034A43F410
:1003500070031360FFF7DCFF00BF80BD88ED00E095
:1003600080B584B000AF786039603B681946786822
:1003700000F092F80346002B10D10A490A4800F019
:10038000FCFF07F108033A687968184600F0BAF8EC
:1003900007F1080393E8030000F0CEF800BF103720
:1003A000BD4680BD185201003052010080B500AF3B
:1003B00000F096FB00F002FC0621282000F038FD3A
:1003C00014220321002001F07FF8044802F0DCF839
:1003D000002000F051F800BF80BD00BF61030000A5
:1003E00080B584B000AFFFF7E1FF0021002000F0EE
:1003F0004BFC1D4800F0B2FFC8224FF4FA616420A4
:1004000001F0C2F80023FB60002000F0F3FB03467C
:10041000012BF9D1154B1B78002B15D100233B7113
:10042000F968134B83FB01235A10CB17D21A1346DA
:100430009B001344CA1ABA60FB680133FB603B1D82
:100440001946002000F0BAF800233B6007E03B6843
:100450001946084800F091FF3B6801333B603B6858
:10046000B3F57A7FF3DBCFE734520100D4270020C5
:10047000676666664452010080B483B000AF0346ED
:10048000FB71044AFB79137000BF0C37BD465DF861
:10049000047B7047D427002080B582B000AF78601D
:1004A00039603B68002B1BDD3968134800F065FF9D
:1004B0007B681B78032B19D801A252F823F000BFE8
:1004C000D1040000D5040000D9040000DD040000C0
:1004D00000230CE001230AE0022308E0032306E0E6
:1004E0000649074800F049FFFF2300E000BF184617
:1004F0000837BD4680BD00BF485201005052010080
:100500003052010080B586B000AFF860B9607A6003
:10051000BB68591C07F11003082218460BF07EFA3D
:10052000FB681A4607F1100393E8030082E8030012
:10053000F8681837BD4680BD80B586B000AF3B4631
:1005400083E8030000237B610FE000233B6106E0AA
:100550003969786900F0B4FB3B6901333B613B6961
:10056000042BF5DD7B6901337B617B69042BECDDBA
:100570007B68FB60F968F86800F086FB7B68C8223E
:1005800002FB03F3BB603B78002B02D0022B07D0A9
:100590000DE0BB680022B968002001F021FF09E0EE
:1005A000BB680122B968012001F01AFF02E001F0E6
:1005B000AFFF00BF00BF1837BD4680BD80B584B017
:1005C00000AF03463960FB71FB79002B07D13B6814
:1005D000FB60FB6893E8030000F005F800BF00BF74
:1005E0001037BD4680BD80B586B000AF3B4683E87E
:1005F000030000233B72394607F108030133082248
:1006000018460BF00BFA09237B6107F1080379699F
:10061000184602F041F83B7819467B681A460348B1
:1006200000F0ABFE00BF1837BD4680BD645201002C
:10063000B0B586B000AF78604FF000037B61002357
:100640003B614FF07E53FB600123BB607B681B78EE
:100650002D2B55D14FF0FF33BB607B6801337B609E
:100660004EE07B681B782F2B41D97B681B78392B98
:100670003DD83B69002B19D07B681B78303B07EED7
:10068000903AF8EEE76A97ED037AC6EE877A97ED2F
:10069000057A77EE277AC7ED057AD7ED037AB2EEC1
:1006A000047A67EE877AC7ED037A26E0786914F05A
:1006B000EBF94FF000021C4B14F03EFA02460B46D9
:1006C00014461D467B681B78303B184614F0CAF967
:1006D00002460B462046294614F078F802460B469F
:1006E0001046194614F020FD03467B6105E07B6847
:1006F0001B782E2B09D101233B617B6801337B6082
:100700007B681B78002BACD100E000BFBB6807EE14
:10071000903AB8EEE77AD7ED057A67EE277AB0EE31
:10072000670A1837BD46B0BD0000244080B586B0CA
:1007300000AFF860B9607A603B601B49F8680AF066
:100740004FFF78617B69002B29D07969B8680BF07D
:1007500007F9154900200AF043FF78617B69002BF7
:100760001BD07869FFF764FFF0EE407A7B68C3ED39
:10077000007A0D4900200AF033FF78617B69002B75
:1007800009D07869FFF754FFF0EE407A3B68C3ED7B
:10079000007A032304E0022302E0012300E00023A7
:1007A00018461837BD4680BD8C52010080B5A6B0F2
:1007B00000AF786007F1700307F1740207F1780168
:1007C0007868FFF7B3FFC7F89400D7F89430002B90
:1007D00040F30D8107F17803894918460AF050FF6C
:1007E0000346002B09D1874800F0B8FD32230022D0
:1007F0003221002001F0F4FDFEE007F17803824988
:1008000018460AF03DFF0346002B09D17F4800F04F
:10081000A5FD322301223221002001F0E1FDEBE0B1
:1008200007F178037A4918460AF02AFF0346002B9D
:1008300009D1784800F092FD3223002232210120B4
:1008400001F0CEFDD8E007F17803734918460AF0AD
:1008500017FF0346002B09D1704800F07FFD3223BB
:1008600001223221012001F0BBFDC5E007F1780330
:100870006B4918460AF004FF0346002B05D169486E
:1008800000F06CFD01F044FEB6E007F17803664924
:1008900018460AF0F5FE0346002B13D1D7F8943022
:1008A000022B0FD17B6F184614F0EEF802460B4670
:1008B0005E4800F062FDD7ED1D7AB0EE670A01F0E8
:1008C000C7FC99E007F17803594918460AF0D8FEA9
:1008D0000346002B13D1D7F89430022B0FD17B6F36
:1008E000184614F0D1F802460B46524800F045FD78
:1008F000D7ED1D7AB0EE670A01F0BAFC7CE007F193
:1009000078034D4918460AF0BBFE0346002B0BD175
:1009100007F10C03184601F073FB07F10C031946AD
:10092000464800F02AFD67E007F17803444918467D
:100930000AF0A6FE0346002B0FD19FED420A01F0FC
:10094000FBFC87ED210AD7F8840014F09DF80246DD
:100950000B463D4800F011FD4EE007F178033B499E
:1009600018460AF08DFE0346002B0DD101F090FCD5
:1009700087ED220AD7F8880014F086F802460B4665
:10098000334800F0FAFC37E007F1780331491846A4
:100990000AF076FE0346002B0DD101F09DFC87ED99
:1009A000230AD7F88C0014F06FF802460B462A4849
:1009B00000F0E3FC20E007F17803284918460AF02C
:1009C0005FFE0346002B0DD101F09EFC87ED240A4B
:1009D000D7F8900014F058F802460B46204800F073
:1009E000CCFC09E079681F4800F0C7FC04E0796896
:1009F0001D4800F0C2FCFFE700BF9837BD4680BD30
:100A000090520100945201009C520100A05201003A
:100A1000B0520100B4520100C4520100C85201009A
:100A2000D0520100D8520100E4520100EC52010002
:100A30000053010008530100205301002853010016
:100A400038530100CDCCCC3D445301005853010034
:100A5000605301007C530100845301009453010052
:100A60009C530100B0530100C853010080B592B0FF
:100A700000AF00237B64194800F08EFA00F024FADE
:100A8000034687F8433097F843300A2B03D097F892
:100A900043300D2B11D13A467B6C134400221A705F
:100AA000222304220321022001F064FC3B46184665
:100AB000FFF77CFE00237B640BE07B6C3E2B08DCA5
:100AC0007B6C5A1C7A6448333B4497F8432003F804
:100AD000482C0A2001F0F2FED0E700BFE4530100E9
:100AE00080B582B000AF00237B6011E0184A7B68BC
:100AF00013441B78184600F029FE154A7B681344FE
:100B00001B780021184600F08FFD7B6801337B6065
:100B10007B68042BEAD900233B6011E00D4A3B6857
:100B200013441B78184600F0EBFD0A4A3B68134457
:100B30001B780021184600F077FD3B6801333B60CD
:100B40003B68042BEAD900BF00BF0837BD4680BD13
:100B5000585401006054010080B485B000AF786043
:100B60000023FB601EE00023BB6015E0FA6813461B
:100B70009B0013447A681A44BB68134418780E49E2
:100B8000FA6813469B001344CA18BB681344024614
:100B90001A70BB680133BB60BB68042BE6DDFB68E1
:100BA0000133FB60FB68042BDDDD00BF00BF1437A1
:100BB000BD465DF8047B7047D827002080B582B021
:100BC00000AF00237B600AE0094A7B6813441B786E
:100BD0000C21184600F002FD7B6801337B607B68C6
:100BE000012BF1D900BF00BF0837BD4680BD00BF53
:100BF0006854010080B584B000AF78600B4A7B6810
:100C000013441B78184600F0C7FD0346002B14BFA1
:100C100001230023DBB2FB60FB68002B0CBF012328
:100C20000023DBB218461037BD4680BD6854010072
:100C300080B582B000AF00237B6009E0104A7B687A
:100C400013441B78184600F081FD7B6801337B60FC
:100C50007B68042BF2D900233B6009E0094A3B681A
:100C600013441B78184600F04BFD3B6801333B6092
:100C70003B68042BF2D900BF00BF0837BD4680BDDA
:100C8000585401006054010080B582B000AF786014
:100C90003960094A3B6813441B78184600F056FD3A
:100CA000064A7B6813441B78184600F029FD00BFF4
:100CB0000837BD4680BD00BF605401005854010094
:100CC00080B582B000AF78603960094A3B68134450
:100CD0001B78184600F014FD064A7B6813441B7805
:100CE000184600F033FD00BF0837BD4680BD00BF89
:100CF000605401005854010080B582B000AF214B10
:100D00001B68214AD35C184600F020FD1D4B1B6870
:100D1000591C1E4BA3FB01239A0813469B00134446
:100D2000CA1A184B1A6000237B601DE0154B1A6825
:100D3000174913469B001344CA187B6813441B7859
:100D4000002B07D0134A7B6813441B78184600F029
:100D5000FDFC06E00F4A7B6813441B78184600F040
:100D6000CFFC7B6801337B607B68042BDEDD054BA9
:100D70001B68054AD35C184600F0C2FC00BF083768
:100D8000BD4680BDF427002058540100CDCCCCCC0A
:100D9000D82700206054010080B584B000AF78608F
:100DA00039600023FB6010E01E4AFB6813441B7887
:100DB000184600F0A5FC1C4AFB6813441B78184633
:100DC00000F0C4FCFB680133FB60FB68042BEBDD27
:100DD000144A3B6813441B78184600F0B7FC124ACB
:100DE0007B6813441B78184600F08AFC0023BB6024
:100DF00002E0BB680133BB60BB680C4A9342F8DD7C
:100E0000094A7B6813441B78184600F09FFC0023B6
:100E1000BB6002E0BB680133BB60BB68034A93421E
:100E2000F8DDDCE760540100585401003F420F0038
:100E300080B582B000AF78603960154B00221A602F
:100E40000021386800F0F0FB0021786800F0C6FB54
:100E5000386800F055FC0F4A3B6813600E4A7B6807
:100E600013600E4B4FF0EB721A600D4B00221A60AC
:100E7000074B04221A600B4B01221A600A4B012215
:100E80001A600A4B00221A6000BF0837BD4680BDB9
:100E9000002500400C25004014250040242500407A
:100EA0006C25004008200040002000400821004040
:100EB00080B400AF034B1B68DBB21846BD465DF83B
:100EC000047B70471825004080B483B000AF00BF9A
:100ED000084B1B68002BFBD0074B1B68FB71054BB5
:100EE00000221A60FB7918460C37BD465DF8047B7A
:100EF000704700BF082100401825004080B586B02B
:100F000000AF78607B687B6100233B61FFF7DCFF0B
:100F10000346FB73FB7B0A2B0BD0FB7B0D2B08D00E
:100F20007B695A1C7A61FA7B1A703B6901333B6119
:100F3000ECE77B6900221A703B6918461837BD46FA
:100F400080BD80B483B000AF0346FB71044AFB79D7
:100F5000136000BF0C37BD465DF8047B704700BFCF
:100F60001C25004080B483B000AF0346FB71084AE3
:100F7000FB79136000BF074B1B68002BFBD0054BB0
:100F800000221A6000BF0C37BD465DF8047B704735
:100F90001C2500401C21004080B584B000AF786063
:100FA0007B68FB6007E0FB681B781846FFF7DAFFF9
:100FB000FB680133FB60FB681B78002BF3D100BF9B
:100FC00000BF1037BD4680BD80B483B000AF7860ED
:100FD00039607B6803F00403002B12D03B68002BC0
:100FE00006D01A4B1B68194A43F00403136005E04E
:100FF000164B1B68154A23F004031360144A3B6820
:1010000013607B6803F08003002B12D03B68002B39
:1010100006D00E4B1B680D4A43F08003136005E0B9
:101020000A4B1B68094A23F080031360094A3B6896
:101030001360094B1B68084A43F00403136000BFA8
:101040000C37BD465DF8047B704700BF04230040A9
:10105000F8270020FC27002000E100E080B500AF69
:10106000124B1B68002B0DD0114B1B68002B06D0B8
:101070000F4B1B680F4A1268D2B2104698470B4BB1
:1010800000221A600C4B1B68002B0DD00B4B1B6809
:10109000002B06D0094B1B68094A1268D2B21046D1
:1010A0009847054B00221A6000BF80BD0821004010
:1010B000F8270020182500401C210040FC270020B4
:1010C0001C25004080B582B000AF786007E07B68E7
:1010D0001B781846FFF746FF7B6801337B607B680F
:1010E0001B78002BF3D1002318460837BD4680BD7E
:1010F000B0B590B000AFF860B9607A603D4B07F1D1
:1011000024041D460FCD0FC42B6823700023BB633E
:10111000FB68002B16D17B68002B0FDD3020FFF71A
:1011200021FF2E20FFF71EFF02E03020FFF71AFFFD
:101130007B685A1E7A60002BF7D158E03020FFF709
:1011400011FF54E007F114030D33FB63FB6B002226
:101150001A7024E07B68002B09DDBA6B7B689A4229
:1011600005D1FB6B013BFB63FB6B2E221A70FB6B03
:10117000013BFB63BA68FB68B3FBF2F101FB02F2CF
:101180009B1A40333B4413F81C2CFB6B1A70BB6B4F
:101190000133BB63BB68FA68B2FBF3F3FB60FB6827
:1011A000002BD7D1BA6B7B689A42D3DBBA6B7B68D2
:1011B0009A4219DC08E0FB6B013BFB63FB6B3022BE
:1011C0001A70BB6B0133BB63BA6B7B689A42F2DB6C
:1011D000FB6B013BFB63FB6B2E221A70FB6B013B2D
:1011E000FB63FB6B30221A70F86BFFF76BFF403725
:1011F000BD46B0BD6C54010080B582B000AF7860D0
:101200007B68002B06DB7B6800220A211846FFF76B
:101210006FFF0AE02D20FFF7A5FE7B685B420022EE
:101220000A211846FFF764FF00BF0837BD4680BD9E
:1012300080B582B000AF78600548FFF743FF002219
:1012400010217868FFF754FF00BF0837BD4680BD06
:101250008054010080B582B000AF87ED010AD7ED60
:10126000017A9FED187A67EE877AFDEEE77A17EE3E
:10127000903A002B0EDBD7ED017A9FED127A67EEE4
:10128000877AFCEEE77A02220A2117EE900AFFF72E
:101290002FFF13E02D20FFF765FED7ED017AF1EE69
:1012A000677A9FED087A67EE877AFCEEE77A02228A
:1012B0000A2117EE900AFFF71BFF00BF0837BD4653
:1012C00080BD00BF0000C842B0B582B000AF87ED5E
:1012D000000B4FF00002204BD7E9000113F02CFC6B
:1012E00002460B461046194613F0D6FE0346002B65
:1012F00013DB4FF00002184BD7E9000113F01CFC80
:1013000002460B461046194613F0EEFE0346022233
:101310000A211846FFF7ECFE1AE02D20FFF722FE07
:101320003C687B6883F000454FF000020A4B204682
:10133000294613F001FC02460B461046194613F0ED
:10134000D3FE034602220A211846FFF7D1FE00BF52
:101350000837BD46B0BD00BF0000594080B582B01F
:1013600000AF78607868FFF7ADFE0A20FFF7FAFD5E
:10137000002318460837BD4680BD0FB480B586B03F
:1013800000AF3B6A7B6107F124033B608FE07B6920
:101390001B78252B40F083807B6901337B617B695F
:1013A0001B78002B03D12520FFF7DCFD84E07B694F
:1013B0001B78633B152B69D801A252F823F000BFBC
:1013C000191400002D1400008D14000053140000A7
:1013D0008D1400008D1400008D1400008D14000089
:1013E0008D1400008D1400008D1400008D14000079
:1013F0008D1400008D1400008D1400008D14000069
:101400007B1400008D1400008D1400008D1400006A
:101410008D1400003F1400003B681A1D3A601B68E1
:10142000FB71FB791846FFF79DFD3DE03B681A1DF7
:101430003A601B683B613869FFF7DEFE34E03B68C9
:101440001A1D3A601B683B613B691846FFF7F0FEC6
:101450002AE03B68073323F0070303F108023A60F0
:10146000D3E900231046194613F05EFE0346BB6025
:1014700097ED020AFFF7EEFE16E03B681A1D3A6090
:101480001B68FB60F868FFF71DFE0DE02520FFF7E5
:1014900069FD7B691B781846FFF764FD04E07B69F2
:1014A0001B781846FFF75EFD7B6901337B617B6922
:1014B0001B78002B7FF46BAF002318461837BD460E
:1014C000BDE8804004B0704780B584B000AFF860DC
:1014D000B9607A60FB68184600F0FCF91E2000F045
:1014E00031F8B86800F0D2FA034A7B68136000BF95
:1014F0001037BD4680BD00BF0028002080B500AF7A
:10150000064B1B680021184600F08EF8034B1B6841
:10151000184600F01BF900BF80BD00BF0028002066
:1015200080B500AF064B1B684FF44071184600F0C1
:101530007BF8034B1B68184600F0E2F800BF80BD43
:101540000028002080B483B000AF7860044A7B6834
:10155000136000BF0C37BD465DF8047B704700BFC9
:101560000428002080B582B000AF78603960054B58
:101570001B683A681946786800F0C6F900BF08375A
:10158000BD4680BD0428002080B588B000AFF8605B
:10159000B9607A6014237B617A687B6992FBF3F30C
:1015A000FB61BA68FB68D21AFB6992FBF3F33B61FB
:1015B000FB68BB610AE07969B869FFF7D3FFBA69D4
:1015C0003B691344BB61FB69013BFB61FB69002B79
:1015D000F1DC00BF00BF2037BD4680BD80B485B0C0
:1015E00000AF786039607B681F2B02D84FF0A043B2
:1015F00000E00C4BFB607B681F2B02D97B68203B13
:1016000000E07B687B607B689A00FB68134403F50D
:10161000E0631A463B68136000BF1437BD465DF8AF
:10162000047B70470003005080B485B000AF786041
:1016300039600123FB607B681F2B02D84FF0A04369
:1016400000E0144BBB607B681F2B02D97B68203BFA
:1016500000E07B687B60BB6803F214531A680121C9
:101660007B6801FA03F3B96801F2145113430B606C
:10167000FA683B6842EA03017B689A00BB6813443E
:1016800003F5E0630A461A6000BF1437BD465DF8F3
:10169000047B70470003005080B485B000AF7860D1
:1016A00039607B681F2B02D84FF0A04300E0134B3A
:1016B000FB607B681F2B02D97B68203B00E07B68C6
:1016C0007B603B68012B09D1FB6803F5A1631946D8
:1016D00001227B6802FA03F30B6008E0FB6803F267
:1016E0000C53194601227B6802FA03F30B6000BF1A
:1016F0001437BD465DF8047B704700BF00030050FF
:1017000080B485B000AF78607B681F2B02D84FF0A3
:10171000A04300E00C4BFB607B681F2B02D97B6869
:10172000203B00E07B687B60FB6803F5A163194602
:1017300001227B6802FA03F30B6000BF1437BD4639
:101740005DF8047B704700BF0003005080B485B093
:1017500000AF78607B681F2B02D84FF0A04300E0F9
:101760000C4BFB607B681F2B02D97B68203B00E0A1
:101770007B687B60FB6803F20C53194601227B688F
:1017800002FA03F30B6000BF1437BD465DF8047B1B
:10179000704700BF0003005080B485B000AF786090
:1017A0007B681F2B02D84FF0A04300E00C4BFB607E
:1017B0007B681F2B02D97B68203B00E07B687B6045
:1017C000FB6803F5A2631A687B6842FA03F303F02F
:1017D000010318461437BD465DF8047B704700BF0F
:1017E0000003005080B485B000AFF860B9607A6043
:1017F0003B601349BB683A6841F82320FB681A0232
:101800007B681B04134343F00101BA680D4B13447A
:101810009B000A461A600C4B1A680121BB6801FA4A
:1018200003F3094913430B60084B1B68074A43F055
:101830004003136000BF1437BD465DF8047B70475A
:1018400008280020441900100463004000E100E073
:1018500080B582B000AF00237B6028E07B6803F195
:10186000805303F5C2539B001B68002B1CD0164A03
:101870007B6852F823305A1C13497B6841F82320B7
:10188000124A7B6852F82330002B04D00F4A7B6841
:1018900052F8233098477B6803F1805303F5C25315
:1018A0009B001A46002313607B6801337B607B68D2
:1018B000072BD3DD064B1B680133054A136000BFBD
:1018C0000837BD4680BD00BF2C2800200828002016
:1018D0002828002080B483B000AF7860074B052231
:1018E0001A60074A7B681360064B01221A6000BF2A
:1018F0000C37BD465DF8047B704700BF0CC5014046
:1019000060C5014000C5014080B487B000AFF860F9
:10191000B9607A60FB687A6802FB03F3274A82FBAE
:1019200003129211DB17D31A7B61254AFB6892FBE5
:10193000F3F37B82234A7B8A1360234B234A1A608A
:10194000234B02221A607B699A1E224B1A607B8A03
:10195000BA6802FB03F3204A82FB03125211DB1721
:10196000D31A9AB2194B1A807B8ABA6802FB03F326
:10197000194A82FB03125211DB17D31A9AB2134B86
:101980005A80164B01221A6000BF154B1B68002BB2
:10199000FBD0134B00221A60124B01221A6000BFC9
:1019A000114B1B68002BFBD00F4B00221A6000BFAD
:1019B0001C37BD465DF8047B704700BFD34D6210F5
:1019C00020A1070008C5014020C501404C28002087
:1019D00024C5014028C501401F85EB5108C00140C6
:1019E00010C1014004C0014004C1014080B485B071
:1019F00000AF78603960124A7B6892FBF3F3FB60BA
:101A0000104AFB6813603B68FA6802FB03F30E4A56
:101A1000A2FB03235B099AB20C4B1A800C4B0B4AB6
:101A20001A600C4B01221A600B4B00221A600B4B00
:101A300001221A6000BF1437BD465DF8047B704771
:101A400020A1070008C501401F85EB515028002048
:101A500020C5014024C5014028C5014008C00140FF
:101A600080B400AF074B01221A6000BF064B1B6811
:101A7000002BFBD0044B00221A6000BFBD465DF86E
:101A8000047B704704C0014004C1014080B485B0AC
:101A900000AF7860124B01221A60124A7B68013352
:101AA0001360114B114A1A604FF4FA63FB81FB89F2
:101AB00043F480539AB20E4B1A600E4B03221A6005
:101AC0000D4B1B680C4A43F0800313600B4B022242
:101AD0001A6000BF1437BD465DF8047B704700BF35
:101AE00000750040107500401875004000070200A6
:101AF000F8750040F075004000E100E00073004020
:101B000080B582B000AF3B1D0121184600F006F8F9
:101B1000BB889BB218460837BD4680BD80B483B0F1
:101B200000AF786039600E4A7B6813600D4A3B68ED
:101B300013600D4B01221A600C4B01221A600C4BF2
:101B400000221A6000BF0A4B1B68002BFBD0084B19
:101B500000221A6000BF0C37BD465DF8047B704759
:101B60002C76004030760040007000400470004049
:101B70005428002080B400AF054B01221A60054BA9
:101B800000221A6000BFBD465DF8047B704700BFAD
:101B9000542800200471004090B583B000AF0120AC
:101BA000FFF7FAFD0346DBB25B00DCB21120FFF762
:101BB000F3FD0346DBB22343FB71374B1B78002B4D
:101BC00015D1FB79012B07D1344B1A68344B1B68B4
:101BD0001344324A136057E0FB79032B54D12F4B47
:101BE0001A682F4B1B68D31A2C4A13604CE02A4BFF
:101BF0001B78012B15D1FB79032B07D1274B1A68D2
:101C0000274B1B681344254A13603DE0FB79002BEA
:101C10003AD1224B1A68224B1B68D31A1F4A136011
:101C200032E01D4B1B78032B15D1FB79022B07D11A
:101C30001A4B1A681A4B1B681344184A136023E0A6
:101C4000FB79002B20D1154B1A68154B1B68D31A52
:101C5000124A136018E0104B1B78022B14D1FB7949
:101C6000002B07D10D4B1A680D4B1B6813440B4A10
:101C7000136009E0FB79032B06D1084B1A68084B67
:101C80001B68D31A054A1360034AFB79137000BF1F
:101C90000C37BD4690BD00BFA02800205C28002066
:101CA0000000002090B583B000AF1A20FFF774FD4C
:101CB0000346DBB25B00DCB20D20FFF76DFD03468F
:101CC000DBB22343FB71374B1B78002B15D1FB791B
:101CD000012B07D1344B1A68344B1B681344324A2A
:101CE000136057E0FB79032B54D12F4B1A682F4B0D
:101CF0001B68D31A2C4A13604CE02A4B1B78012B2B
:101D000015D1FB79032B07D1274B1A68274B1B688A
:101D10001344254A13603DE0FB79002B3AD1224B56
:101D20001A68224B1B68D31A1F4A136032E01D4BFE
:101D30001B78032B15D1FB79022B07D11A4B1A689C
:101D40001A4B1B681344184A136023E0FB79002BDD
:101D500020D1154B1A68154B1B68D31A124A136011
:101D600018E0104B1B78022B14D1FB79002B07D104
:101D70000D4B1A680D4B1B6813440B4A136009E0A6
:101D8000FB79032B06D1084B1A68084B1B68D31A42
:101D9000054A1360034AFB79137000BF0C37BD4638
:101DA00090BD00BFA1280020602800200400002072
:101DB00080B500AF0C210120FFF710FC0C21112091
:101DC000FFF70CFC0C211A20FFF708FC0C210D205A
:101DD000FFF704FC0C4B032201210120FFF702FD59
:101DE000094B032201211120FFF7FCFC074B0322C2
:101DF00001211A20FFF7F6FC044B032201210D20DC
:101E0000FFF7F0FC00BF80BD991B0000A51C00007F
:101E100080B582B000AF78607B6807EE903AF8EE4C
:101E2000E77A9FED0F7AC7EE876A16EE900A12F0F6
:101E30002BFE09A3D3E9002312F07EFE02460B46D7
:101E40001046194613F070F9034607EE903AB0EECB
:101E5000670A0837BD4680BDBEBCA37B2F1BD43F9D
:101E600000000C432DE9B04386B000AF5C4B1A680C
:101E70005C4B1B68D31A7B615B4B1A685B4B1B681E
:101E8000D31A3B61564B1B68564A1360564B1B686E
:101E9000564A13607869FFF7BBFF87ED030A38697C
:101EA000FFF7B6FF87ED020A97ED037AD7ED027AC6
:101EB00037EE277AF0EE006AC7EE267AC7ED017A90
:101EC00097ED027AD7ED037A37EE677ADFED486A4D
:101ED000C7EE267AC7ED007A464B93ED007AD7ED30
:101EE000007A77EE277A434BC3ED007A414B1B68AB
:101EF000184612F0C9FD02460B469FED371B43EC16
:101F0000102B07F093FE53EC102B1046194613F0DC
:101F10000BF90346374A1360374B1B68184612F01B
:101F2000B3FD04460D46786812F0AEFD8046894642
:101F3000304B1B68184612F0A7FD02460B4643ECD7
:101F4000102B07F0A9FE53EC102B4046494612F027
:101F5000F3FD02460B462046294612F037FC0246A6
:101F60000B461046194613F0DFF80346224A136069
:101F7000224B1B68184612F087FD04460D46786810
:101F800012F082FD804689461A4B1B68184612F0F3
:101F90007BFD02460B4643EC102B07F0C1FE53ECD1
:101FA000102B4046494612F0C7FD02460B4620461C
:101FB000294612F00BFC02460B461046194613F058
:101FC000B3F803460D4A136000BF1837BD46BDE89D
:101FD000B08300BFAFF30080182D4454FB2119409B
:101FE0005C28002064280020602800206828002049
:101FF000F6285C3E742800206C2800207028002001
:102000002DE9B04388B006AF7860124B1B681846C4
:1020100012F03AFD04460D460F4B1B68184612F0AD
:1020200033FD804689460D4B1B68184612F02CFD87
:1020300002460B46CDE90423CDE90289CDE90045EE
:10204000074A6421786809F035FA00BF0837BD46B1
:10205000BDE8B0836C280020702800207428002080
:102060008454010080B582B000AF786087ED000A2B
:102070007868FFF7CDFEB0EE407AD7ED007AC7EE74
:10208000276AF0EE667AB0EE670A0837BD4680BD73
:1020900080B48DB000AF87ED070AC7ED060A7861FE
:1020A000396187ED031AC7ED021A87ED012AC7EDE2
:1020B000002A97ED077AD7ED067A77EE677AC7EDB3
:1020C0000B7A7B6993ED007AD7ED0B6AD7ED007A36
:1020D00066EEA77A77EE277A7B69C3ED007A3B69D3
:1020E000D3ED007A97ED0B7A77EE676A97ED007A79
:1020F000C6EE877AC7ED0A7A97ED037AD7ED0B7AA9
:1021000027EE277A7B69D3ED006AD7ED027A66EE77
:10211000A77A37EE277AD7ED016AD7ED0A7A66EE0D
:10212000A77A77EE277AC7ED097A3B69FA6A1A60CF
:102130007B6A07EE903AB0EE670A3437BD465DF829
:10214000047B704780B586B000AF87ED030AB860A6
:1021500079602F4B1A682F4B1B68D31A97ED030A2F
:102160001846FFF77FFF87ED050A2B4B1A682B4BAC
:102170001B68D31A97ED030A1846FFF773FF87ED24
:10218000040A274BD3ED007A264B93ED007A264BB9
:10219000D3ED006A254B93ED006AD7ED032AB0EE2C
:1021A000462AF0EE661AB0EE471A21492148D7EDCB
:1021B000050AB0EE670AFFF76BFFF0EE407ABB68E6
:1021C000C3ED007A1C4BD3ED007A1C4B93ED007AE3
:1021D0001B4BD3ED006A1B4B93ED006AD7ED032A2E
:1021E000B0EE462AF0EE661AB0EE471A16491748C6
:1021F000D7ED040AB0EE670AFFF74AFFF0EE407A27
:102200007B68C3ED007A00BF1837BD4680BD00BFB4
:102210005C28002064280020602800206828002016
:102220007828002008000020802800208428002032
:1022300098280020902800207C2800200C000020F6
:10224000882800208C2800209C280020942800202A
:1022500080B483B000AF87ED010A044A7B68136045
:1022600000BF0C37BD465DF8047B7047782800201E
:1022700080B483B000AF87ED010A044A7B68136025
:1022800000BF0C37BD465DF8047B70477C280020FA
:1022900080B500AF0E4B1A680E4B1B68D31A184658
:1022A00012F0E0FB08A3D3E9002312F045FC02463C
:1022B0000B461046194612F037FF034607EE903AD8
:1022C000B0EE670A80BD00BF4B9E1C3F1760853F84
:1022D000602800205C28002080B500AF074B1A68FA
:1022E000074B1B68D31A9FED070A1846FFF7BAFE83
:1022F000F0EE407AB0EE670A80BD00BF5C28002097
:1023000064280020CDCCCC3D80B500AF074B1A68C7
:10231000074B1B68D31A9FED070A1846FFF7A2FE6A
:10232000F0EE407AB0EE670A80BD00BF6028002062
:1023300068280020CDCCCC3D80B584B000AF87EDBF
:10234000010AFFF7C9FF87ED030AFFF7DDFF87EDFD
:10235000020A97ED037AD7ED027A77EE277AB0EE8C
:10236000007AC7EE876AF0EE667AB0EE670A103739
:10237000BD4680BD80B485B000AFF860B9607A60BA
:102380003B60154B0422C3F80C25144B4FF4FA6242
:102390001A60124B1A68104BC3F808250E4AFB68E6
:1023A000C2F860350C4ABB68C2F864350A4A7B68DB
:1023B000C2F86835084A3B68C2F86C35064B022201
:1023C000C3F81025044B0122C3F8002500BF1437C1
:1023D000BD465DF8047B704700D00240A82800206D
:1023E00080B485B000AFF860B9607A603B60FB688C
:1023F000002B03D0FB68012B15D02AE03D4B0122B6
:102400001A603D4B1B68BA6802FB03F33B4A82FB30
:1024100003125211DB17D31A9AB2394B1A80384B78
:1024200000225A8015E0334B4FF0FF321A60344BD4
:1024300000221A80304B1B68BA6802FB03F32F4A54
:1024400082FB03125211DB17D31A9AB22C4B5A801B
:1024500000BF7B68002B03D07B68012B15D02AE0DE
:10246000284B01221A60244B1B683A6802FB03F3D5
:10247000224A82FB03125211DB17D31A9AB2204B65
:102480009A801F4B0022DA8015E01E4B4FF0FF327E
:102490001A601B4B00229A80174B1B683A6802FB9C
:1024A00003F3164A82FB03125211DB17D31A9AB2B6
:1024B000134BDA8000BF144B114AC3F82025124B8E
:1024C0000422C3F82425104B0022C3F828250E4B04
:1024D00001229A6000BF0C4BD3F80831002BFAD0D0
:1024E0000A4B01221A7000BF1437BD465DF8047B09
:1024F000704700BF04000020A82800201F85EB5172
:10250000AC2800200000002000D00240A4280020B9
:1025100080B400AF0F4B00221A600F4B00221A60EC
:102520000E4B1B78002B10D00D4B01225A6000BFC0
:102530000B4BD3F80431002BFAD0094B0022C3F81F
:102540000421064B00221A7000E000BFBD465DF872
:10255000047B70470400002000000020A428002015
:1025600000D0024080B483B000AF786000BF7B68C9
:102570001B68002BFBD07B6800221A6000BF0C3761
:10258000BD465DF8047B704780B483B000AF7860CF
:102590004FF0804301221A6000BF254B1B68002BBF
:1025A000FBD0244B00221A60234B07221A60234BD6
:1025B00000221A60224B234A1A60234B00221A6021
:1025C000224B01221A60224B08221A60214B224A18
:1025D0001A60224B02221A60214B4FF6FF721A60DA
:1025E000204B214A1A60214B18221A60204B1122DD
:1025F0001A60204B204A1A60204B01221A60204AA0
:102600007B6813601F4B00221A601F4B00221A7058
:102610001E4B08221A601E4B02221A601D4B01221B
:102620001A6000BF0C37BD465DF8047B704700BFE1
:10263000000100400C150040081500401015004036
:102640001C150040746962752C150040301500405F
:102650001415004018150040830004023415004092
:102660003C15004038150040211001005415004071
:102670002415004004150040B4280020001200403A
:1026800038290020402900203C2900200413004064
:1026900000E100E00410004080B582B000AF786037
:1026A0003960194B01221A70184B01221A60184820
:1026B000FFF758FF3B68DBB20333DAB2154B1A70F1
:1026C000144B01225A70134B11229A70114B0122A4
:1026D000DA703A687968104809F0A0F90F4B0122C6
:1026E0001A600F48FFF73EFF084B01221A600848A6
:1026F000FFF738FF044B00221A700A4B01221A60C0
:1027000000BF0837BD4680BD3C29002010100040A6
:1027100010110040B4280020B8280020001000400C
:10272000402900200410004080B582B000AF174B54
:1027300000221A60164B1B78DBB2012B03D1154B1C
:1027400001221A601EE0144B1B68002B13D0134BA0
:102750009B78112B0FD1114B1B78033B7B607B685F
:102760001A460F490F4809F059F90F4B1B687A6850
:1027700011460C489847064B00221A700B4B012259
:102780001A6000BF0837BD4680BD00BF0C11004075
:102790003C2900204029002000140040B4280020DB
:1027A000B8280020442900203829002008100040C3
:1027B00080B483B000AFEFF305837B607B68002BB0
:1027C00014BF01230023DBB218460C37BD465DF869
:1027D000047B704780B483B000AFEFF310837B605D
:1027E0007B68002B05D1EFF311833B603B68002B26
:1027F00001D0012300E0002303F00103DBB21846FF
:102800000C37BD465DF8047B704780B584B000AFDF
:1028100078607B68002B06D16FF0030000F069FB45
:102820006FF0030314E07968132003F0C2FB034642
:10283000002B05D0786800F07AFB0023FB6006E0EF
:102840004FF0FF3000F055FB4FF0FF33FB60FB68AB
:1028500018461037BD4680BD80B584B000AF7860A3
:10286000154BDB687A68D31A7B607B68002B02D03B
:102870007B68002B06DA6FF0030000F03AFB6FF084
:10288000030314E07968132003F093FB0346002B45
:1028900005D0786800F055FB0023FB6006E04FF0A0
:1028A000FF3000F026FB4FF0FF33FB60FB6818465B
:1028B0001037BD4680BD00BF1000002080B584B039
:1028C00000AF7860786800F01EFBFFF771FF0346E9
:1028D000002B04D1FFF77EFF0346002B07D06FF0DB
:1028E000050000F006FB6FF00503FB6007E07B6866
:1028F000BB60B868044B9C4600DF0346FB60FB6886
:1029000018461037BD4680BD0B28000080B584B046
:1029100000AF7860786800F000FBFFF749FF0346DE
:10292000002B04D1FFF756FF0346002B07D06FF0B2
:10293000050000F0DEFA6FF00503FB6007E07B683E
:10294000BB60B868044B9C4600DF0346FB60FB6835
:1029500018461037BD4680BD5928000080B485B0A8
:1029600000AFF860B9607A6000BF1437BD465DF80B
:10297000047B704780B485B000AFF860B9607A60BE
:102980003B6000BF1437BD465DF8047B704780B4E0
:1029900085B000AFF860B9607A6000BF1437BD46FB
:1029A0005DF8047B704780B485B000AFF860B96013
:1029B0007A603B6000BF1437BD465DF8047B70470A
:1029C00080B483B000AF7860396000BF0C37BD467B
:1029D0005DF8047B704780B485B000AFF860B960E3
:1029E0007A6000BF1437BD465DF8047B704780B441
:1029F00083B000AF786000BF0C37BD465DF8047B44
:102A0000704780B400AF00BFBD465DF8047B7047DF
:102A100080B400AF00BFBD465DF8047B704780B452
:102A200085B000AFF860B9607A6000BF1437BD466A
:102A30005DF8047B704780B485B000AFF860B96082
:102A40007A6000BF1437BD465DF8047B704780B4E0
:102A500083B000AF786000BF0C37BD465DF8047BE3
:102A6000704780B400AF00BFBD465DF8047B70477F
:102A700080B400AF00BFBD465DF8047B704780B4F2
:102A800000AF00BFBD465DF8047B704780B483B0E3
:102A900000AF786000BF0C37BD465DF8047B70471F
:102AA00080B400AF00BFBD465DF8047B704780B4C2
:102AB00083B000AF786000BF0C37BD465DF8047B83
:102AC000704780B483B000AF786000BF0C37BD465C
:102AD0005DF8047B704780B483B000AF786000BFBE
:102AE0000C37BD465DF8047B704780B400AF00BF73
:102AF000BD465DF8047B704780B483B000AF78605A
:102B000000BF0C37BD465DF8047B704780B483B0CE
:102B100000AF786000BF0C37BD465DF8047B70479E
:102B200080B400AF00BFBD465DF8047B704780B441
:102B300083B000AF786000BF0C37BD465DF8047B02
:102B4000704780B483B000AF786000BF0C37BD46DB
:102B50005DF8047B704780B483B000AF786000BF3D
:102B60000C37BD465DF8047B704780B483B000AF7E
:102B7000786000BF0C37BD465DF8047B704780B4B9
:102B800083B000AF7860396000BF0C37BD465DF898
:102B9000047B704780B483B000AF7860396000BFB9
:102BA0000C37BD465DF8047B704780B485B000AF3C
:102BB000F860B9607A6000BF1437BD465DF8047BE9
:102BC000704780B485B000AFF860B9607A6000BF2C
:102BD0001437BD465DF8047B704780B483B000AF06
:102BE0007860396000BF0C37BD465DF8047B7047E4
:102BF00080B483B000AF786000BF0C37BD465DF88D
:102C0000047B704780B483B000AF7860396000BF48
:102C10000C37BD465DF8047B704780B483B000AFCD
:102C20007860396000BF0C37BD465DF8047B7047A3
:102C300080B483B000AF7860396000BF0C37BD4608
:102C40005DF8047B704780B483B000AF7860396072
:102C500000BF0C37BD465DF8047B704780B483B07D
:102C600000AF7860396000BF0C37BD465DF8047B6B
:102C7000704780B483B000AF7860396000BF0C3714
:102C8000BD465DF8047B704780B400AF00BFBD4611
:102C90005DF8047B704780B483B000AF786000BFFC
:102CA0000C37BD465DF8047B704780B483B000AF3D
:102CB000786000BF0C37BD465DF8047B704780B478
:102CC00083B000AF786000BF0C37BD465DF8047B71
:102CD000704780B483B000AF786000BF0C37BD464A
:102CE0005DF8047B704780B483B000AF786000BFAC
:102CF0000C37BD465DF8047B704780B483B000AFED
:102D0000786000BF0C37BD465DF8047B704780B427
:102D100083B000AF786000BF0C37BD465DF8047B20
:102D2000704780B483B000AF786000BF0C37BD46F9
:102D30005DF8047B704780B483B000AF786000BF5B
:102D40000C37BD465DF8047B704780B483B000AF9C
:102D50007860396000BF0C37BD465DF8047B704772
:102D600080B483B000AF7860396000BF0C37BD46D7
:102D70005DF8047B704780B483B000AF786000BF1B
:102D80000C37BD465DF8047B704780B483B000AF5C
:102D9000786000BF0C37BD465DF8047B704780B497
:102DA00000AF00BFBD465DF8047B704780B483B0C0
:102DB00000AF786000BF0C37BD465DF8047B7047FC
:102DC00080B483B000AF786000BF0C37BD465DF8BB
:102DD000047B704780B483B000AF786000BF0C37CD
:102DE000BD465DF8047B704780B485B000AFF860E5
:102DF000B9607A6000BF1437BD465DF8047B704748
:102E000080B483B000AF7860396000BF0C37BD4636
:102E10005DF8047B704780B483B000AF78603960A0
:102E200000BF0C37BD465DF8047B704780B483B0AB
:102E300000AF7860396000BF0C37BD465DF8047B99
:102E4000704780B483B000AF786000BF0C37BD46D8
:102E50005DF8047B704780B483B000AF786000BF3A
:102E60000C37BD465DF8047B704780B483B000AF7B
:102E7000786000BF0C37BD465DF8047B704780B4B6
:102E800085B000AFF860B9607A6000BF1437BD4606
:102E90005DF8047B704780B485B000AFF860B9601E
:102EA0007A6000BF1437BD465DF8047B704780B47C
:102EB00083B000AF786000BF0C37BD465DF8047B7F
:102EC000704780B485B000AFF860B9607A603B604D
:102ED00000BF1437BD465DF8047B704780B483B0F3
:102EE00000AF7860396000BF0C37BD465DF8047BE9
:102EF000704780B483B000AF786000BF0C37BD4628
:102F00005DF8047B704780B483B000AF786000BF89
:102F10000C37BD465DF8047B704780B483B000AFCA
:102F2000786000BF0C37BD465DF8047B704780B405
:102F300083B000AF786000BF0C37BD465DF8047BFE
:102F4000704780B483B000AF786000BF0C37BD46D7
:102F50005DF8047B704780B483B000AF786000BF39
:102F60000C37BD465DF8047B704780B483B000AF7A
:102F70007860396000BF0C37BD465DF8047B704750
:102F800080B483B000AF7860396000BF0C37BD46B5
:102F90005DF8047B704780B485B000AFF8607A605C
:102FA0003B600B46FB7200BF1437BD465DF8047BE7
:102FB000704780B483B000AF7860396000BF0C37D1
:102FC000BD465DF8047B704780B483B000AF786085
:102FD000396000BF0C37BD465DF8047B704780B494
:102FE00083B000AF7860396000BF0C37BD465DF834
:102FF000047B704780B483B000AF786000BF0C37AB
:10300000BD465DF8047B704780B483B000AF786044
:1030100000BF0C37BD465DF8047B704780B483B0B9
:1030200000AF786000BF0C37BD465DF8047B704789
:1030300080B483B000AF7860396000BF0C37BD4604
:103040005DF8047B704780B483B000AF786000BF48
:103050000C37BD465DF8047B704780B483B000AF89
:10306000786000BF0C37BD465DF8047B704780B4C4
:1030700083B000AF7860396000BF0C37BD465DF8A3
:10308000047B704780B483B000AF786000BF0C371A
:10309000BD465DF8047B704780B483B000AF7860B4
:1030A000396000BF0C37BD465DF8047B704780B4C3
:1030B00083B000AF7860396000BF0C37BD465DF863
:1030C000047B704780B483B000AF7860396000BF84
:1030D0000C37BD465DF8047B704780B483B000AF09
:1030E0007860396000BF0C37BD465DF8047B7047DF
:1030F00080B483B000AF7860396000BF0C37BD4644
:103100005DF8047B704780B483B000AF78603960AD
:1031100000BF0C37BD465DF8047B704780B483B0B8
:1031200000AF7860396000BF0C37BD465DF8047BA6
:10313000704780B485B000AFF860B9607A603B60DA
:1031400000BF1437BD465DF8047B704780B485B07E
:1031500000AFF860B9607A603B6000BF1437BD46CD
:103160005DF8047B704780B483B000AF786000BF27
:103170000C37BD465DF8047B704780B485B000AF66
:10318000F860B9607A603B6000BF1437BD465DF8F7
:10319000047B704780B485B000AFF860B9607A6096
:1031A00000BF1437BD465DF8047B704780B483B020
:1031B00000AF786000BF0C37BD465DF8047B7047F8
:1031C00080B483B000AF786000BF0C37BD465DF8B7
:1031D000047B704780B483B000AF7860396000BF73
:1031E0000C37BD465DF8047B704780B483B000AFF8
:1031F000786000BF0C37BD465DF8047B704780B433
:1032000083B000AF7860396000BF0C37BD465DF811
:10321000047B704780B483B000AF7860396000BF32
:103220000C37BD465DF8047B704780B483B000AFB7
:103230007860396000BF0C37BD465DF8047B70478D
:1032400080B483B000AF7860396000BF0C37BD46F2
:103250005DF8047B704780B483B000AF786000BF36
:103260000C37BD465DF8047B704780B483B000AF77
:103270007860396000BF0C37BD465DF8047B70474D
:1032800080B483B000AF786000BF0C37BD465DF8F6
:10329000047B704780B483B000AF786000BF0C3708
:1032A000BD465DF8047B704780B483B000AF7860A2
:1032B000396000BF0C37BD465DF8047B704780B4B1
:1032C00083B000AF7860396000BF0C37BD465DF851
:1032D000047B704780B483B000AF786000BF0C37C8
:1032E000BD465DF8047B704780B483B000AF786062
:1032F00000BF0C37BD465DF8047B704780B483B0D7
:1033000000AF7860396000BF0C37BD465DF8047BC4
:10331000704780B485B000AFF860B9607A6000BFD4
:103320001437BD465DF8047B704780B483B000AFAE
:103330007860396000BF0C37BD465DF8047B70478C
:1033400080B483B000AF7860396000BF0C37BD46F1
:103350005DF8047B704780B483B000AF786039605B
:1033600000BF0C37BD465DF8047B704780B483B066
:1033700000AF7860396000BF0C37BD465DF8047B54
:10338000704780B483B000AF786000BF0C37BD4693
:103390005DF8047B704780B483B000AF786039601B
:1033A00000BF0C37BD465DF8047B704780B483B026
:1033B00000AF786000BF0C37BD465DF8047B7047F6
:1033C00080B483B000AF786000BF0C37BD465DF8B5
:1033D000047B704780B483B000AF7860396000BF71
:1033E0000C37BD465DF8047B704780B483B000AFF6
:1033F0007860396000BF0C37BD465DF8047B7047CC
:1034000080B483B000AF786000BF0C37BD465DF874
:10341000047B704780B483B000AF786000BF0C3786
:10342000BD465DF8047B704780B483B000AF786020
:10343000396000BF0C37BD465DF8047B704780B42F
:1034400085B000AFF860B9607A6000BF1437BD4640
:103450005DF8047B704780B483B000AF786039605A
:1034600000BF0C37BD465DF8047B704780B483B065
:1034700000AF7860396000BF0C37BD465DF8047B53
:10348000704780B483B000AF7860396000BF0C37FC
:10349000BD465DF8047B704780B483B000AF7860B0
:1034A000396000BF0C37BD465DF8047B704780B4BF
:1034B00083B000AF786000BF0C37BD465DF8047B79
:1034C000704780B483B000AF7860396000BF0C37BC
:1034D000BD465DF8047B704780B483B000AF786070
:1034E00000BF0C37BD465DF8047B704780B483B0E5
:1034F00000AF7860396000BF0C37BD465DF8047BD3
:10350000704780B483B000AF7860396000BF0C377B
:10351000BD465DF8047B704780B483B000AF78602F
:10352000396000BF0C37BD465DF8047B704780B43E
:1035300083B000AF7860396000BF0C37BD465DF8DE
:10354000047B704780B483B000AF7860396000BFFF
:103550000C37BD465DF8047B704780B483B000AF84
:103560007860396000BF0C37BD465DF8047B70475A
:1035700080B483B000AF7860396000BF0C37BD46BF
:103580005DF8047B704780B483B000AF786000BF03
:103590000C37BD465DF8047B704780B483B000AF44
:1035A000786000BF0C37BD465DF8047B704780B47F
:1035B00083B000AF7860396000BF0C37BD465DF85E
:1035C000047B704780B485B000AFF860B9607A6062
:1035D00000BF1437BD465DF8047B704780B483B0EC
:1035E00000AF7860396000BF0C37BD465DF8047BE2
:1035F000704780B483B000AF7860396000BF0C378B
:10360000BD465DF8047B704780B485B000AFF860BC
:10361000B9603B601346FB7100BF1437BD465DF8CF
:10362000047B704780B485B000AFF860B9607A6001
:1036300000BF1437BD465DF8047B704780B483B08B
:1036400000AF786000BF0C37BD465DF8047B704763
:1036500080B483B000AF7860396000BF0C37BD46DE
:103660005DF8047B704780B483B000AF7860396048
:1036700000BF0C37BD465DF8047B704780B483B053
:1036800000AF7860396000BF0C37BD465DF8047B41
:10369000704780B485B000AFF860B9607A603B6075
:1036A00000BF1437BD465DF8047B704780B485B019
:1036B00000AFF860B9607A6000BF1437BD465DF8AE
:1036C000047B704780B483B000AF786000BF0C37D4
:1036D000BD465DF8047B704780B483B000AF78606E
:1036E000396000BF0C37BD465DF8047B704780B47D
:1036F00083B000AF7860396000BF0C37BD465DF81D
:10370000047B704780B483B000AF7860396000BF3D
:103710000C37BD465DF8047B704780B483B000AFC2
:103720007860396000BF0C37BD465DF8047B704798
:1037300080B483B000AF7860396000BF0C37BD46FD
:103740005DF8047B704780B483B000AF7860396067
:1037500000BF0C37BD465DF8047B704780B483B072
:1037600000AF786000BF0C37BD465DF8047B704742
:1037700080B483B000AF786000BF0C37BD465DF801
:10378000047B704780B483B000AF786000BF0C3713
:10379000BD465DF8047B704780B483B000AF7860AD
:1037A00000BF0C37BD465DF8047B704780B400AFA6
:1037B000044BDB681B0A03F007031846BD465DF89F
:1037C000047B704700ED00E080B483B000AFEFF3FE
:1037D00014837B607B6803F00103002B0CBF012383
:1037E0000023DBB218460C37BD465DF8047B7047FA
:1037F00080B483B000AFEFF305837B607B68002B60
:1038000014BF01230023DBB218460C37BD465DF818
:10381000047B704780B483B000AFEFF310837B600C
:103820007B68002B05D1EFF311833B603B68002BD5
:1038300001D0012300E0002303F00103DBB21846AE
:103840000C37BD465DF8047B704780B584B000AF8F
:10385000154BFF2283F82220134B93F82230DBB262
:1038600063F0FF03DB437B607B68002B01D12023E7
:1038700003E07B68B3FA83F3DBB2C3F12003FB60A0
:10388000FFF794FFB860BA68FB689A4202D3BB683E
:103890000133FB60FE22FB689A40034BD2B2DA7719
:1038A00000BF1037BD4680BD00ED00E080B400AF22
:1038B000054B5B681B0EDBB203F01003DBB218464E
:1038C000BD465DF8047B704700ED00E080B400AFBA
:1038D000044B4FF000625A6000BFBD465DF8047BA8
:1038E000704700BF00ED00E080B400AF044B4FF024
:1038F00080525A6000BFBD465DF8047B704700BF30
:1039000000ED00E080B400AF034B1B7A1846BD46C3
:103910005DF8047B704700BF1000002080B500AF49
:1039200004F0C4FB084B01225A72BFF34F8F00BF53
:10393000FFF7BCFF0346002B04D0FFF7C7FF024B85
:1039400001229A7200BF80BD1000002080B500AF38
:10395000094B00225A72BFF34F8F00BF064B9B7A70
:10396000002B04D0044B00229A72FFF7BDFF04F035
:103970007FFB00BF80BD00BF1000002080B485B079
:1039800000AF4FF0FF33FB600E4BDB6ABB60BB68E0
:10399000002B02D0BB68DB69FB600A4B5B6C7B6071
:1039A0007B68002B07D07B681B69FA689A4202D9B2
:1039B0007B681B69FB60FB6818461437BD465DF8E1
:1039C000047B70471000002080B500AF344B1B7A99
:1039D000012B03D1FFF71CF8002320E1304B1B7AA9
:1039E000002B06D04FF0FF30FFF701F84FF0FF3308
:1039F00015E12C4BDB682A4AD3652A4B1A8A284BDF
:103A0000A3F85420274B9B68254A1364254BDB6A97
:103A1000244A126B1146184600F017FD0346002B8E
:103A200004D0204BDB6A1E4AC2F880301D4B5B6914
:103A30001C4A92691146184600F007FD0346002B08
:103A400004D0184B5B69164A536704E0144BD3F853
:103A50008030134A5367134BDB69124A126A1146CE
:103A6000184600F0F2FC0346002B04D00D4BDB6936
:103A70000B4A936704E00A4BD3F88030084A9367F7
:103A8000084B5B6A074A926A1146184600F0DDFC53
:103A90000346002B08D0034B5B6A014AD36708E05A
:103AA00010000020FC5401005E4BD3F880305D4ACA
:103AB000D3675D4B5B6B002B11D05B4B586B5A4B44
:103AC0005B6B1968584B5B6B9A68574B5B6BDB6899
:103AD00000F09AFE544B5B6B524AC2F88430524B52
:103AE0009B6B002B11D0504B986B4F4B9B6B196805
:103AF0004D4B9B6B9A684C4B9B6BDB6800F084FED4
:103B0000494B9B6B474AC2F88830474BDB6B002B15
:103B100011D0454BD86B444BDB6B1968424BDB6BC8
:103B20009A68414BDB6BDB6800F06EFE3E4BDB6B53
:103B30003C4AC2F88C303C4B1B6C002B11D03A4BEA
:103B4000186C394B1B6C1968374B1B6C9A68364BD9
:103B50001B6CDB6800F058FE334B1B6C314AC2F81B
:103B60009030314B5B6C002B11D02F4B586C2E4B8F
:103B70005B6C19682C4B5B6C9A682B4B5B6CDB683D
:103B800000F042FE284B5B6C264AC2F89430264B6C
:103B90009B6C002B11D0244B986C234B9B6C1968A9
:103BA000214B9B6C9A68204B9B6CDB6800F02CFED1
:103BB0001D4B9B6C1B4AC2F898301B4BDB6C002BD7
:103BC00011D0194BD86C184BDB6C1968164BDB6C99
:103BD0009A68154BDB6CDB6800F016FE124BDB6C51
:103BE000104AC2F89C30104B1B6D002B11D00E4BAD
:103BF000186D0D4B1B6D19680B4B1B6D9A680A4BAA
:103C00001B6DDB6800F000FE074B1B6D054AC2F818
:103C1000A030044B01221A72FEF7FAFE0023184668
:103C200080BD00BF10000020FC54010080B586B0AC
:103C300000AFF860B9607A60FB68002B05D0FB68C4
:103C4000104A1A60FB68104A5A60BB68002B0FD0FC
:103C50007B68002B0CD07B680B2B02D90B237B617C
:103C600001E07B687B617A690849B86807F0D6FE95
:103C70007A68B968F868FEF7DEFE00231846183740
:103C8000BD4680BD13543101D4B3FB0290540100F2
:103C900080B582B000AFFFF735FE78607868FEF738
:103CA000D6FE7B6818460837BD4680BD80B584B017
:103CB00000AF2E4B1B7A012B06D06FF00600FEF7EB
:103CC00096FE4FF0FF334CE003F08CF9034683F08F
:103CD0000103DBB2002B06D04FF0FF30FEF787FE6A
:103CE0004FF0FF333DE0FFF7B0FD214B5B6821490A
:103CF000184604F085F90346002B06D04FF0FF303C
:103D0000FEF775FE4FF0FF332BE004F0FBF903469E
:103D1000164A136104F0ACF9174801F073FEF8601D
:103D2000F86802F0CBF8124B1B6803F00103002B7C
:103D300008D00223BB60BB6883F31488BFF36F8F86
:103D400000BF08E003237B607B6883F31488BFF324
:103D50006F8F00BF00BF054B02221A72FEF788FE6C
:103D6000002318461037BD4680BD00BF100000205C
:103D7000FC540100AD7F00002C00002080B582B013
:103D800000AF114B1B7A022B02D0032B09D00EE09F
:103D90000D4B03221A720020FEF778FE00237B6091
:103DA0000DE00120FEF772FE01237B6007E04FF07B
:103DB000FF30FEF71CFE4FF0FF337B6000BF7B68D7
:103DC00018460837BD4680BD1000002080B582B07F
:103DD00000AF114B1B7A022B02D0032B06D00EE052
:103DE0000020FEF764FE00237B6010E00A4B0222F5
:103DF0001A720120FEF75BFE01237B6007E04FF0A3
:103E0000FF30FEF7F4FD4FF0FF337B6000BF7B68AF
:103E100018460837BD4680BD1000002080B584B02C
:103E200000AF7860194B1B7A023B012B21D87B68CD
:103E3000002B03D07B68012B09D011E0134B022229
:103E40001A720020FEF747FE0023FB6010E00F4BC4
:103E500003221A720120FEF73EFE0123FB6007E0F9
:103E60004FF0FF30FEF7C3FD4FF0FF33FB6000BFA4
:103E700007E04FF0FF30FEF7BAFD4FF0FF33FB6075
:103E800000BFFB6818461037BD4680BD10000020FB
:103E900080B582B000AF0D4B1B7A022B05D06FF0BE
:103EA0000700FEF7A4FD00230BE0FFF737FD074BEB
:103EB00004221A72FFF762FD78607868FEF71CFE34
:103EC0007B6818460837BD4680BD00BF1000002043
:103ED00080B588B000AF78602B4B1B7A042B02D0E2
:103EE000FEF71EFE4DE0FFF749FDB8617A68BB6939
:103EF0009A4203D3BB69013BFB6101E07B68FB6134
:103F0000214BDB6A7B617B69002B05D07B69DA6919
:103F1000FB69D21A7B69DA611B4B5B6C3B613B69C5
:103F2000002B05D03B691A69FB69D21A3B691A61FB
:103F3000154BDB687A681344FB60134BDA68FB6946
:103F40001344114AD3600DE00F4BDB6801330E4A76
:103F5000D36001F0BFFE0C4B1B6D002B02D00A4B4F
:103F60001B6D9847084BDB68FA689A42ECD1064B08
:103F700002221A72002001F0B5FFFFF7E7FCFEF7FE
:103F8000CFFD2037BD4680BD1000002080B500AFBA
:103F9000044BDB681846FEF7CAFD024BDB68184687
:103FA00080BD00BF1000002080B500AF044B5B68EF
:103FB0001846FEF7C6FD024B5B68184680BD00BF81
:103FC000FC54010080B582B000AF114BDB687B6010
:103FD00004F0B8F8386004F0C7F80346002B05D0A9
:103FE00004F0B0F838607B6801337B6004F09EF821
:103FF00002467B6802FB03F33A6813443B6038686F
:10400000FEF7A9FD3B6818460837BD4680BD00BFD6
:104010001000002080B582B000AF04F07CF878601A
:104020007868FEF7A2FD7B6818460837BD4680BD5C
:1040300080B400AF00BFBD465DF8047B704780B51B
:1040400082B000AF7860396039687868FEF797FD14
:104050003968786803F0BBFF034618460837BD4649
:1040600080BD80B582B000AFFFF7E2FFFEF7C9FC6C
:10407000FFF7BEFB0346002B04D1FFF7CBFB034643
:10408000002B07D06FF00500FEF7B1FC6FF00503C1
:104090007B6004E0044B9C4600DF03467B607B684A
:1040A00018460837BD4680BDC939000080B588B0C4
:1040B00000AFF860B9607A607A68B968F868FEF7AE
:1040C000AEFCFFF795FB0346002B09D1FFF7A2FBDF
:1040D0000346002B04D1FFF777FB0346002B06D0E5
:1040E0007A68B968F868FFF7A1FDF8610FE0FB682E
:1040F000BB61BB687B617B683B61BB6918467B69C0
:1041000019463A69044B9C4600DF0346FB61FB6994
:1041100018462037BD4680BD2D3C000080B582B0DA
:1041200000AFFFF765FB0346002B09D1FFF772FBD9
:104130000346002B04D1FFF747FB0346002B03D0B7
:10414000FFF7A6FD786004E0044B9C4600DF0346C1
:104150007B607B6818460837BD4680BD913C0000F7
:1041600080B582B000AFFEF77CFCFFF741FB034651
:10417000002B04D1FFF74EFB0346002B07D06FF056
:104180000500FEF734FC6FF005037B6004E0054B8F
:104190009C4600DF03467B607B6818460837BD46B7
:1041A00080BD00BFAD3C000080B582B000AFFEF71F
:1041B00066FCFFF71DFB0346002B04D1FFF72AFB2B
:1041C0000346002B07D06FF00500FEF710FC6FF0E0
:1041D00005037B6004E0054B9C4600DF03467B60E3
:1041E0007B6818460837BD4680BD00BF7D3D000096
:1041F00080B582B000AFFEF753FCFFF7F9FA034633
:10420000002B04D1FFF706FB0346002B07D06FF00D
:104210000500FEF7ECFB6FF005037B6004E0054B47
:104220009C4600DF03467B607B6818460837BD4626
:1042300080BD00BFCD3D000080B584B000AF786088
:104240007868FEF73EFCFFF7D3FA0346002B04D153
:10425000FFF7E0FA0346002B07D06FF00500FEF7EA
:10426000C6FB6FF00503FB6008E07B68BB60BB68C2
:104270001846054B9C4600DF0346FB60FB6818466A
:104280001037BD4680BD00BF1D3E000080B582B026
:1042900000AFFEF72AFCFFF7ABFA0346002B04D170
:1042A000FFF7B8FA0346002B06D06FF00500FEF7C3
:1042B0009EFB00237B6004E0044B9C4600DF03462A
:1042C0007B607B6818460837BD4680BD913E000084
:1042D00080B584B000AF78607868FEF717FCFFF710
:1042E00087FA0346002B04D1FFF794FA0346002B0C
:1042F00004D06FF00500FEF77AFB05E07B68FB60F9
:10430000F868034B9C4600DF00BF1037BD4680BDF8
:10431000D13E000080B582B000AFFFF769FA0346D6
:10432000002B04D1FFF776FA0346002B03D0FFF7EA
:104330002DFE786004E0054B9C4600DF03467B6061
:104340007B6818460837BD4680BD00BF8D3F000022
:1043500080B582B000AFFFF74BFA0346002B04D1C3
:10436000FFF758FA0346002B03D0FFF71DFE7860D5
:1043700004E0054B9C4600DF03467B607B681846E3
:104380000837BD4680BD00BFA93F000080B582B0A0
:1043900000AFFFF72DFA0346002B04D1FFF73AFADE
:1043A0000346002B03D0FFF70DFE786004E0054BB9
:1043B0009C4600DF03467B607B6818460837BD4695
:1043C00080BD00BFC53F000080B582B000AFFFF7E1
:1043D0000FFA0346002B04D1FFF71CFA0346002B0B
:1043E00003D0FFF717FE786004E0054B9C4600DF22
:1043F00003467B607B6818460837BD4680BD00BF1A
:104400001540000080B500AFFFF72BFE00BF80BD58
:1044100080B483B000AF78607B6818460C37BD4627
:104420005DF8047B704780B485B000AF7860396078
:104430007B683A681344FB60FB68BB60BB68184646
:104440001437BD465DF8047B704780B584B000AF7B
:10445000786039607B68002B0CD07B6803F0070321
:10446000002B07D13B6803F00703002B02D13B6808
:10447000172B06D8002239687868FEF76FFA0023F8
:1044800028E07868FFF7C4FFF860FB683A681A60B4
:10449000FB6810225A6008217868FFF7C4FFB860F3
:1044A0003B68083B19467868FFF7BDFF0246BB68CA
:1044B0001A60BB681B6800221A60BB681B68102268
:1044C0005A60BB6800225A60012239687868FEF79A
:1044D00045FA012318461037BD4680BD90B58BB014
:1044E00000AFF860B9607A60FB68002B05D0BB684C
:1044F000002B02D07B68032B07D900237A68B968A8
:10450000F868FEF737FA002380E0BB680833FB61E8
:10451000FB69073323F00703FB610821F868FFF705
:1045200082FF38623B6A1B681A463B6AD31ABB613A
:104530003B6A5B6823F00303BA69D31ABB61BA69AB
:10454000FB699A420ED23B6A1B683B623B6A1B685E
:10455000002BE7D100237A68B968F868FEF70AFAF9
:10456000002353E000BFF868FFF752FF0346596885
:10457000FA690A445A60F868FFF74AFF03461B6865
:10458000083B1946F868FFF74EFF78617B695C6865
:10459000F868FFF73DFF03465B689C4206D2F86867
:1045A000FFF736FF03465A687B695A603B6A5B68CF
:1045B000002B0AD1FA697B681A433B6A5A600821CA
:1045C000386AFFF730FF786219E03B6A5B6823F0D6
:1045D00003031946386AFFF726FF78613B6A1A68B9
:1045E0007B691A60FA697B681A437B695A603B6A87
:1045F0007A691A6008217869FFF715FF78627B6A8B
:104600007A68B968F868FEF7B5F97B6A18462C37FE
:10461000BD4690BD80B586B000AF786039607B68DC
:10462000002B02D03B68002B06D100223968786845
:10463000FEF7ADF900233EE000213868FFF7F3FEF6
:10464000F860FB68083BFB6000233B610821786849
:10465000FFF7E9FE78610EE07B693B617B691B68CF
:104660007B617B69002B06D1002239687868FEF7F0
:104670008EF900231FE07A69FB689A42ECD17868D2
:10468000FFF7C6FE034659687A69526822F00302B2
:104690008A1A5A603B69002B03D17B6900225A6059
:1046A00003E07B691A683B691A60012239687868FF
:1046B000FEF76DF9012318461837BD4680BD00008E
:1046C00080B483B000AFEFF305837B607B68002B81
:1046D00014BF01230023DBB218460C37BD465DF83A
:1046E000047B704780B483B000AFEFF310837B602E
:1046F0007B68002B05D1EFF311833B603B68002BF7
:1047000001D0012300E0002303F00103DBB21846CF
:104710000C37BD465DF8047B704790B482B000AFA3
:1047200078607B6853E8002F511C43E8001000B10B
:10473000F8E71446234618460837BD4690BC704734
:1047400090B482B000AF78607B6853E8002F511EB0
:1047500043E8001000B1F8E714462346184608372E
:10476000BD4690BC704790B482B000AF78607B6863
:1047700053E8002F12B9BFF32F8F04E0116843E80C
:10478000001000B1F4E71446234618460837BD462A
:1047900090BC704790B482B000AF786039607B689D
:1047A0003A6819681160BFF35F8F53E8001F106803
:1047B0008842F6D143E8002404B1F2E700BF08378D
:1047C000BD4690BC704780B483B000AF78607B6812
:1047D00018460C37BD465DF8047B704780B483B043
:1047E00000AF78607B6818460C37BD465DF8047BE7
:1047F000704780B400AF034B5B691846BD465DF857
:10480000047B70471000002080B586B000AFF860D0
:10481000B9607A603B60FB68002B08D0BB68002B56
:1048200005D07B68002B02D03B68002B01D1002310
:1048300032E0FB68BA681A60FB6800225A60FB68C5
:104840007A689A60FB683A68DA60FB683A685A618D
:10485000BB687A6802FB03F33A681A44FB681A6182
:104860003B687A68B968F868FEF79DF83B687B6139
:1048700008E07A697B6813443B617B693A691A6096
:104880003B697B61BB68013BBB60BB68002BF0D11F
:104890007B6900221A60012318461837BD4680BD87
:1048A00080B584B000AF78607B68002B05D1002113
:1048B0000020FEF785F8002312E07B6814331846C9
:1048C000FFF751FFF860FB68002B04D07B680433CE
:1048D0001846FFF722FFF9687868FEF771F8FB6861
:1048E00018461037BD4680BD80B582B000AF7860F5
:1048F00039607B68002B09D07B68DB683A689A4294
:1049000004D37B681B693A689A4208D36FF00302AC
:1049100039687868FEF75FF86FF0030310E07B6892
:10492000143339681846FFF735FF7B68043318469F
:10493000FFF706FF002239687868FEF74CF800237D
:1049400018460837BD4680BD80B584B000AF78609A
:104950007B689B68002B1AD07B680C331846FFF7E6
:104960009FFFF860FB68002B11D07868FFF736FFD7
:104970000346184601F046F8B860FB680022194665
:10498000B86801F0F3FAF9687868FEF79AFD00BF9D
:104990001037BD4680BD80B58EB000AFF860B960FD
:1049A0007A60FB68002B1CD0BB68002B19D0FB6819
:1049B0003B613B69002B01D1202303E03B69B3FA43
:1049C00083F3DBB21A46BB687B617B69002B01D1A4
:1049D000202303E07B69B3FA83F3DBB213441F2B7C
:1049E00006D86FF003010020FEF71EFD0023DCE077
:1049F000FB687B62BB68033323F003033B627B6A83
:104A00003A6A02FB03F3FB617B68002B46D07B68AC
:104A10001B68BB627B689B687B637B681B693B632D
:104A20007B685B69BB617B6B002B0FD07B6B03F0FA
:104A30000303002B03D17B68DB68232B11D86FF0B5
:104A400008010020FEF7F0FC0023AEE07B68DB6885
:104A5000002B06D06FF008010020FEF7E5FC0023D4
:104A6000A3E03B6B002B0FD03B6B03F00303002B49
:104A700003D1BA69FB699A4216D26FF0090100208E
:104A8000FEF7D2FC002390E0BB69002B0CD06FF046
:104A900009010020FEF7C8FC002386E00023BB626A
:104AA00000237B6300233B637B6B002B19D1414BBD
:104AB000D3F89C30002B07D03E4BD3F89C301846DF
:104AC000FFF7EEFE786308E03A4BD3F8803001221E
:104AD00024211846FFF702FD7863012387F82F3061
:104AE00002E0002387F82F307B6B002B35D03B6B27
:104AF000002B32D12F4B9B6F0022F9691846FFF72C
:104B0000EDFC38633B6B002B1CD197F82F3003F082
:104B10000103002B13D0274BD3F89C30002B07D078
:104B2000244BD3F89C30796B1846FFF7DDFE06E086
:104B3000204BD3F88030796B1846FFF76BFD0023CC
:104B40007B6304E0FA690021386B06F0FBFC97F800
:104B50002F3043F0020387F82F307B6B002B1ED0E1
:104B60007B6BF7221A707B6B97F82F209A707B6B08
:104B7000BA6A5A607B6B00229A607B6B03F10C006F
:104B80003B6B3A6A796AFFF73FFE0A4B0A4ADA66DC
:104B90007B6B5B681946786BFEF75DFC04E06FF099
:104BA00004010020FEF740FC7B6B18463837BD46F9
:104BB00080BD00BF100000204949000080B584B0CE
:104BC00000AF78607868FFF7FEFDF860FB68002BA7
:104BD00003D0FB681B78F72B05D00021F868FEF79F
:104BE00045FC002307E0FB685B681946F868FEF7A0
:104BF0003DFCFB685B6818461037BD4680BD90B52C
:104C000085B000AF786039607868FFF7DCFDF86048
:104C1000FB68002B03D0FB681B78F72B06D06FF0E6
:104C20000301F868FEF700FC00232FE0FB680C335B
:104C30001846FFF735FEB860BB68002B04D0B96892
:104C4000F868FEF73EFC20E03B68002B1AD039687C
:104C5000F868FEF721FC3968732001F0AAF90346D1
:104C6000002B0BD0F868FFF7B9FD0446FFF7C1FD34
:104C700003461946204600F092FE06E0F868FEF76B
:104C800016FC02E0F868FEF727FCBB6818461437EC
:104C9000BD4690BD80B586B000AF78603960786859
:104CA000FFF791FD78617B69002B03D07B691B784E
:104CB000F72B07D06FF003017869FEF7B5FB6FF0B3
:104CC000030332E07B690C3339681846FFF70CFEAA
:104CD00038613B69002B23D139687869FEF711FCF4
:104CE0007B699B68002B1FD07B690C331846FFF74C
:104CF000D7FDF860FB68002B16D07869FFF76EFDD2
:104D00000346184600F07EFEB860FB680122194693
:104D1000B86801F02BF9F9687869FEF7D2FB03E077
:104D200039687869FEF7F8FB3B6918461837BD46C5
:104D300080BD80B584B000AF78607868FFF743FD30
:104D4000F860FB68002B03D0FB681B78F72B05D0BD
:104D50000021F868FEF7EBFB002307E0FB68DB6847
:104D60001946F868FEF7E3FBFB68DB681846103766
:104D7000BD4680BD80B584B000AF78607868FFF72D
:104D800022FDF860FB68002B03D0FB681B78F72B33
:104D900005D00021F868FEF7D5FB002307E0FB688B
:104DA0005B691946F868FEF7CDFBFB685B6918463E
:104DB0001037BD4680BD80B584B000AF786078689C
:104DC000FFF701FDF860FB68002B03D0FB681B7840
:104DD000F72B05D00021F868FEF7BFFB002307E0A2
:104DE000FB681B691946F868FEF7B7FBFB681B698F
:104DF00018461037BD4680BD80B584B000AF7860DE
:104E00007868FFF7E0FCF860FB68002B03D0FB68D4
:104E10001B78F72B05D00021F868FEF7A9FB0023CB
:104E20000DE0FB68DA68FB681B69D31A1946F8685D
:104E3000FEF79EFBFB68DA68FB681B69D31A18460D
:104E40001037BD4680BD80B584B000AF786078680B
:104E5000FFF7B9FCF860FB68002B03D0FB681B78F8
:104E6000F72B07D06FF00301F868FEF7DDFA6FF05B
:104E7000030346E0FB689B68002B13D0F868FFF73C
:104E8000ADFC0346184600F0BDFDB86000220021CD
:104E9000B86801F06BF8FB689B68002BEED100202E
:104EA00001F020F8FB6800221A70FB689B7803F081
:104EB0000203002B07D0154B9A6FFB689B691946BC
:104EC0001046FFF7A7FBFB689B7803F00103002B5C
:104ED00013D00E4BD3F89C30002B07D00B4BD3F8DC
:104EE0009C30F9681846FFF7FFFC06E0074BD3F843
:104EF0008030F9681846FFF78DFBF868FEF74DFB28
:104F0000002318461037BD4680BD00BF10000020AA
:104F100080B584B000AF786039607868FFF753FCE3
:104F2000F860FB68002B06D0FB681B78F72B02D1DA
:104F30003B68002B06D06FF00301F868FEF774FAA7
:104F4000002311E0FB680C331846FFF7A9FCB8609A
:104F5000BB68002B03D1F868FEF7BEFA03E0B9681E
:104F6000F868FEF7AEFABB6818461037BD4680BD3C
:104F700080B584B000AF786039607868FFF723FCB3
:104F8000F860FB68002B03D0FB681B78F72B07D079
:104F90006FF00301F868FEF747FA6FF003031AE0B9
:104FA000FB680C3339681846FFF79EFCB860BB6895
:104FB000002B0BD1F868FFF711FC0346184600F0F0
:104FC00047FB3968F868FEF79CFA03E03968F8682F
:104FD000FEF7A2FABB6818461037BD4680BD80B503
:104FE00088B000AFF860B9607A607A68B968F8682C
:104FF000FEF725FAFFF764FB0346002B04D1FFF709
:1050000071FB0346002B07D06FF005010020FEF76F
:105010000BFA0023FB610EE0FB68BB61BB687B61A0
:105020007B683B61B86979693B691A46044B9C46C9
:1050300000DF0346FB61FB6918462037BD4680BD93
:105040009749000080B584B000AF7860FFF738FB67
:105050000346002B04D1FFF745FB0346002B06D087
:1050600000217868FEF702FA0023FB6008E07B6805
:10507000BB60BB681846054B9C4600DF0346FB60DF
:10508000FB6818461037BD4680BD00BFBD4B000011
:1050900080B586B000AF7860396039687868FEF70F
:1050A000F0F9FFF70DFB0346002B04D1FFF71AFBC5
:1050B0000346002B05D039687868FFF729FF78612F
:1050C0000BE07B683B613B68FB603B691846F96815
:1050D000044B9C4600DF03467B617B69184618370A
:1050E000BD4680BDFF4B000080B586B000AF786044
:1050F000396039687868FEF7F9F9FFF7E1FA034695
:10510000002B04D1FFF7EEFA0346002B05D03968D7
:105110007868FFF72DFF78610CE07B683B613B68A6
:10512000FB603B691846FB681946054B9C4600DF4F
:1051300003467B617B6918461837BD4680BD00BFBA
:10514000954C000080B584B000AF7860FFF7B8FAE6
:105150000346002B04D1FFF7C5FA0346002B04D009
:105160007868FFF7E6FDF86008E07B68BB60BB6825
:105170001846054B9C4600DF0346FB60FB6818465B
:105180001037BD4680BD00BF334D000080B584B0F0
:1051900000AF7860FFF794FA0346002B04D1FFF7C5
:1051A000A1FA0346002B04D07868FFF7E3FDF8600E
:1051B00008E07B68BB60BB681846054B9C4600DF77
:1051C0000346FB60FB6818461037BD4680BD00BF34
:1051D000754D000080B584B000AF7860FFF770FABD
:1051E0000346002B04D1FFF77DFA0346002B04D0C1
:1051F0007868FFF7E0FDF86008E07B68BB60BB689B
:105200001846054B9C4600DF0346FB60FB681846CA
:105210001037BD4680BD00BFB74D000080B584B0DB
:1052200000AF7860FFF74CFA0346002B04D1FFF77C
:1052300059FA0346002B04D07868FFF7DDFDF860CB
:1052400008E07B68BB60BB681846054B9C4600DFE6
:105250000346FB60FB6818461037BD4680BD00BFA3
:10526000F94D000080B584B000AF78607868FEF733
:105270008AF9FFF725FA0346002B04D1FFF732FA2B
:105280000346002B08D06FF005017868FEF7CCF8D4
:105290006FF00503FB6008E07B68BB60BB681846E5
:1052A000044B9C4600DF0346FB60FB681846103742
:1052B000BD4680BD474E000080B400AF044B4FF0A8
:1052C00080525A6000BFBD465DF8047B704700BF46
:1052D00000ED00E090B482B000AF78600B467B80B8
:1052E0007B687A88D3E85F1F8A4202D8BFF32F8F8A
:1052F00004E0481CC3E8540F04B1F3E78CB2234622
:1053000018460837BD4690BC704790B482B000AFD5
:1053100078600B467B807B687A88D3E85F1F481CE7
:10532000824200D80020C3E8540F04B1F5E78CB2E4
:10533000234618460837BD4690BC704790B482B0EB
:1053400000AF78607B68D3E85F2F12B9BFF32F8F6F
:1053500004E0511EC3E8501F00B1F4E794B22346A5
:1053600018460837BD4690BC704780B483B000AF84
:1053700078607B6818460C37BD465DF8047B704743
:1053800080B483B000AF78607B6818460C37BD46A8
:105390005DF8047B704780B483B000AF78607B68B1
:1053A00018460C37BD465DF8047B704780B483B067
:1053B00000AF78607B6818460C37BD465DF8047B0B
:1053C000704780B483B000AF78607B6818460C37B4
:1053D000BD465DF8047B704780B483B000AF786051
:1053E0007B6818460C37BD465DF8047B704780B477
:1053F00000AF034B1B7A1846BD465DF8047B70472F
:105400001000002080B586B000AF7860124BB3F872
:1054100054307B827B8A19461048FFF75BFF0346B6
:105420001A467B8A934210D97B8A19460C48FFF7AB
:105430006CFF0346FB60084BDA6DFB689B0013446E
:105440007A681A6001237B6101E000237B617B693C
:1054500018461837BD4680BD1000002066000020A9
:105460006800002080B584B000AF114BB3F8543011
:105470007B811048FFF762FF0346002B11D07B8928
:1054800019460D48FFF741FF03467B60084BDA6D74
:105490007B689B0013441B681846FFF766FFF860A3
:1054A00001E00023FB60FB6818461037BD4680BD55
:1054B00010000020660000206A00002080B582B045
:1054C00000AF02F013FE324BDB680133304AD36089
:1054D00000F000FC002000F005FD2D4B1B6D002BA3
:1054E00002D02B4B1B6D9847294B1B6C002B4AD0CD
:1054F000274B9B697B60264BDB6B7A689A420AD00C
:10550000234A7B68D3637B68DB69002B03D1204B84
:105510001A6C7B68DA617B68DB69002B04D07B68DE
:10552000DB695A1E7B68DA617B68DB69002B2AD154
:10553000FFF75DFF0346022B25D1154B5B6A7B60AD
:105540007B68002B1FD07B6893F92020104BDB6B0E
:1055500093F920309A4216D1786800F0A9FA0C4BE2
:10556000DB6B184600F0E8FA094BDB6B1846FDF7D9
:1055700002FC786800F0A2FC054A7B68D363044B08
:105580001A6C7B68DA6100BF0837BD4680BD00BF7A
:105590001000002090B583B000AFFFF763FF786084
:1055A0007B68002B49D07B681B78F13B082B42D8E5
:1055B00001A252F823F000BFDD550000375600006D
:1055C000EF55000037560000375600000156000026
:1055D0001356000037560000255600001B4B1C6E6A
:1055E0007868FFF7CDFE03461846A04724E0174B26
:1055F0005C6E7868FFF7CFFE03461846A0471BE0B5
:10560000124B9C6E7868FFF7D1FE03461846A04700
:1056100012E00E4BDC6E7868FFF7D3FE03461846A7
:10562000A04709E0094B1C6F7868FFF7D5FE0346D9
:105630001846A04700E000BFAFE700BF002000F021
:1056400051FC00BF0C37BD4690BD00BF10000020CC
:1056500080B582B000AF78607868FFF7D3FE03466C
:10566000002B0BD0094B5B7ADBB2002B02D1FFF78A
:1056700023FE07E0054B01229A7203E079680220BD
:10568000FEF7DDFC00BF0837BD4680BD10000020DE
:1056900080B483B000AF03460A46FB711346BB716A
:1056A0004FF0807318460C37BD465DF8047B704799
:1056B00080B483B000AF0346FB71FB7903F01003A5
:1056C000002B01D1602300E0202318460C37BD4693
:1056D0005DF8047B704780B483B000AFEFF30583BF
:1056E0007B607B68002B14BF01230023DBB21846CC
:1056F0000C37BD465DF8047B704780B483B000AFC3
:10570000EFF310837B607B68002B05D1EFF31183EF
:105710003B603B68002B01D0012300E0002303F035
:105720000103DBB218460C37BD465DF8047B7047B9
:1057300090B482B000AF786039607B683A6853E813
:10574000000F40EA020143E8001404B1F7E70C46F9
:10575000234618460837BD4690BC704790B482B0C7
:1057600000AF786039607B683A6853E8001F21EA2F
:10577000020043E8000404B1F7E70C46234618464C
:105780000837BD4690BC704790B482B000AF7860D7
:1057900039607B683A6853E8001F01EA02009042D2
:1057A00003D0BFF32F8F002105E021EA020043E878
:1057B000000404B1EFE70C46234618460837BD46FF
:1057C00090BC704790B482B000AF786039607B685D
:1057D0003A6853E8001F114203D1BFF32F8F002115
:1057E00005E021EA020043E8000404B1F1E70C46B9
:1057F000234618460837BD4690BC704780B483B036
:1058000000AF78607B6818460C37BD465DF8047BB6
:10581000704780B483B000AF78607B6818460C375F
:10582000BD465DF8047B704780B483B000AF7860FC
:105830007B6818460C37BD465DF8047B704780B422
:1058400083B000AF78607B6818460C37BD465DF8C2
:10585000047B704780B485B000AF78607B685B786C
:1058600003F00F03FB73FB7B18461437BD465DF84E
:10587000047B704780B483B000AF78607B6893F995
:10588000203018460C37BD465DF8047B704780B465
:1058900000AF034B1B7A1846BD465DF8047B70478A
:1058A0001000002080B400AF034B5B691846BD4672
:1058B0005DF8047B704700BF1000002080B483B007
:1058C00000AF7860044A7B68536100BF0C37BD4667
:1058D0005DF8047B704700BF1000002080B584B0E5
:1058E00000AF786039607B68283339681846FFF765
:1058F0001FFFF860FB6818461037BD4680BD80B5B5
:1059000084B000AF786039607B6828333968184606
:10591000FFF724FFF860FB6818461037BD4680BDCE
:1059200080B586B000AFF860B9607A607B6803F03C
:105930000203002B14D17B6803F00103002B07D076
:10594000FB682833B9681846FFF71EFF786121E02D
:10595000FB682833B9681846FFF734FF786119E00F
:10596000FB689B6A7B617B6803F00103002B05D019
:105970007A69BB681340BA689A4209D17B6803F020
:105980000103002B06D17A69BB681340002B01D1BB
:1059900000237B617B6918461837BD4680BD80B502
:1059A00086B000AF786039603B6893F92030FB60C7
:1059B0007868FFF739FF78617B699B683B6104E099
:1059C0003B697B613B699B683B613B69002B06D06F
:1059D0003B6993F920301A46FB689342F0DD3B683F
:1059E0007A69DA603B683A699A607B693A689A60DA
:1059F0003B69002B02D03B693A68DA6000BF183778
:105A0000BD4680BD90B585B000AF78607B689B686F
:105A1000FB60FB689A687B689A60FB689B68002B58
:105A200006D0FB689C687868FFF7FEFE0346E360DB
:105A3000FB680022DA60FB6818461437BD4690BD4B
:105A400080B485B000AF78607B68FB6002E0FB68E3
:105A5000DB68FB60FB681B78F12BF8D0FB6818460D
:105A60001437BD465DF8047B704780B584B000AF45
:105A700078607B68FB6002E0FB68DB68FB60FB68CA
:105A8000002B03D0FB681B78F12BF5D0F868FFF7EB
:105A9000C0FEB860BB68002B06D0786800F008F83C
:105AA0007968B868FFF77BFF00BF1037BD4680BD3F
:105AB00080B483B000AF78607B68DB68002B10D0C7
:105AC0007B68DB687A6892689A607B689B68002BC9
:105AD00004D07B689B687A68D268DA607B680022B1
:105AE000DA6000BF0C37BD465DF8047B704780B4B8
:105AF00083B000AF786039603B689B68002B04D0AE
:105B00003B689B683A68D268DA603B68DB68002BC8
:105B100008D03B68DB683A6892689A603B6800226C
:105B2000DA6003E03B689A687B681A6000BF0C3754
:105B3000BD465DF8047B704780B582B000AF7860E9
:105B40007B6801225A7079680348FFF728FF00BF7D
:105B50000837BD4680BD00BF2C00002080B485B052
:105B600000AF786039603B68B3F1FF3F21D100237B
:105B7000FB602E4B1B6BBB6004E0BB68FB60BB682B
:105B80001B69BB60BB68002BF7D17B683A68DA61A0
:105B90007B68FA685A617B6800221A61FB68002BF7
:105BA00003D0FB687A681A613AE0204A7B68136385
:105BB00036E00023FB601D4BDB6ABB6009E0BB687D
:105BC000DB693A68D31A3B60BB68FB60BB681B6942
:105BD000BB60BB68002B04D0BB68DB693A689A42A3
:105BE000EDD27B683A68DA617B68FA685A617B6853
:105BF000BA681A61FB68002B03D0FB687A681A61E7
:105C000002E00A4A7B68D362BB68002B08D0BB68FD
:105C1000DA693B68D21ABB68DA61BB687A685A6194
:105C200000BF1437BD465DF8047B704710000020AC
:105C300080B483B000AF78607B68DB69B3F1FF3F6D
:105C40001AD17B681B69002B04D07B681B697A68BA
:105C500052695A617B685B69002B08D07B685B697D
:105C60007A6812691A617B6800225A6127E07B68B2
:105C70001B69174A136322E07B681B69002B0DD058
:105C80007B681B69D9697B68DA697B681B690A4490
:105C9000DA617B681B697A6852695A617B685B6963
:105CA000002B08D07B685B697A6812691A617B688F
:105CB00000225A6103E07B681B69054AD3627B6856
:105CC0000022DA6100BF0C37BD465DF8047B7047E7
:105CD0001000002080B582B000AF504BDB6A7B60C3
:105CE0007B68002B00F096807B68DB695A1E7B681E
:105CF000DA617B68DB69002B40F08D807B685B7824
:105D0000932B5AD0932B60DC832B4ED0832B5CDCFF
:105D1000732B42D0732B58DC632B36D0632B54DCAF
:105D2000532B1AD0532B50DC432B0ED0432B4CDC7F
:105D3000132B02D0332B04D047E07868FDF70BF922
:105D400044E07868FDF7B3F840E07868FFF778FE44
:105D500003461846FDF707FA38E07868FFF770FE4B
:105D600003461846FFF755FD38603868FFF767FDB2
:105D700003467968184603F025FB3868FFF75FFD96
:105D800003461846FDF767FA20E07868FFF758FEEB
:105D900003461846FDF7F5FA18E07868FFF750FE5D
:105DA00003461846FDF783FB10E07868FFF748FECE
:105DB00003461846FDF786FC08E07868FFF740FECA
:105DC00003461846FDF73AFC00E000BF786800F093
:105DD00027F803461B6819467868FCF7C1FF786806
:105DE000FFF766FE7868FFF7A7FE7B681B697B609C
:105DF0007B68002B04D07B68DB69002B3FF47EAF0F
:105E00007B68002B02D07B6800225A61034A7B68C2
:105E1000D36200E000BF0837BD4680BD10000020FF
:105E200090B585B000AF78607B689C6B7B6893F819
:105E300022301846FFF73CFC03462344FB60FB6816
:105E400018461437BD4690BD80B586B000AF786067
:105E50007B6801225A707B6893F92030FB601648FA
:105E6000FFF7E2FC78617B699B683B6104E03B697A
:105E70007B613B699B683B613B69002B06D03B69BA
:105E800093F920301A46FB689342F0DB7B687A690D
:105E9000DA607B683A699A607B697A689A603B69E4
:105EA000002B02D03B697A68DA607868FCF763FF00
:105EB00000BF1837BD4680BD2C00002080B582B0E1
:105EC00000AF78607B6802225A70054A7B68936154
:105ED0007868FCF75AFF00BF0837BD4680BD00BF99
:105EE0001000002080B586B000AF7860FFF7CFFCCF
:105EF0000346FB75FFF7D6FC38617B68002B1AD18F
:105F0000194B5B6AFB60FB7D022B29D1FB68002BE0
:105F100026D0FB6893F920203B6993F920309A4200
:105F20001EDDF868FFF7C4FD3869FFF78DFFF868DC
:105F3000FFF7C4FF14E0FB7D022B0ED17B6893F9C1
:105F400020203B6993F920309A4206DD3869FFF73B
:105F50007BFF7868FFF7B2FF02E07868FFF7ECFD9F
:105F600000BF1837BD4680BD1000002080B586B048
:105F700000AFF860B9601346FB71B968F868FCF7C8
:105F8000EFFEF868FFF74CFF78617B69BA681A602A
:105F9000F868FFF74DFEFB79002B03D0F868FFF798
:105FA000A1FF02E0F868FFF7C7FD00BF1837BD4644
:105FB00080BD80B584B000AF03463960FB71FFF748
:105FC00066FC0346022B01D000231BE00F4B5B6AEB
:105FD000002B01D1002315E0FFF764FCF86039685D
:105FE000F868FCF7B2FEFB68FA795A703968F8680D
:105FF000FFF7B4FD0648FFF705FDF860F868FFF706
:106000005DFF012318461037BD4680BD10000020FB
:106010002C00002080B584B000AF78607B685B788E
:10602000332B1BD17B68596A7B6893F823301A465F
:106030007868FFF775FCF860FB68002B0ED0002233
:10604000F9687868FFF792FF7B68586A7B6893F875
:10605000233019467B68FA68FCF733FF00BF10371E
:10606000BD4680BD90B58FB000AFF860B9607A6072
:10607000FB68002B06D16FF003010020FCF78AFDBE
:106080000023AEE17B68002B54D07B681B68FB616A
:106090007B685B683B637B689B687B637B681B6991
:1060A000FB627B685B69BB627B689B697B627B6B25
:1060B000002B0FD07B6B03F00303002B03D17B6815
:1060C000DB68432B11D86FF008010020FCF762FD5C
:1060D000002386E17B68DB68002B06D06FF00801A7
:1060E0000020FCF757FD00237BE1FB6A002B0ED05C
:1060F000FB6A03F00703002B02D1BB6A002B06D119
:106100006FF00A010020FCF745FD002369E17B6A7E
:10611000002B02D118237B6218E07B6A002B02DD82
:106120007B6A382B12DD6FF00B010020FCF732FD8B
:10613000002356E10023FB6100233B6300237B63C4
:106140000023FB620023BB6218237B62BB6A002B27
:1061500011D0BB6A03F00703002B05D1BB6A472BA4
:1061600002D9BB6A002B06DA6FF00A010020FCF7A7
:1061700011FD002335E17B6B002B19D19B4BD3F82C
:106180008830002B07D0994BD3F888301846FEF79B
:1061900087FB786308E0954BD3F8803001224421D7
:1061A0001846FEF79BF97863012387F8233002E055
:1061B000002387F823307B6B002B54D0FB6A002B25
:1061C00051D1BB6A002B21D1894B5B6DBB62874BE0
:1061D000D3F88430002B10D0844BD3F88430184689
:1061E000FEF75EFBF862FB6A002B17D097F82330AE
:1061F00043F0100387F8233010E07C4B5B6F0022E4
:10620000B96A1846FEF76AF9F86207E0774B5B6FE8
:106210000022B96A1846FEF761F9F862FB6A002BA2
:106220001BD197F8233003F00103002B13D06F4BE1
:10623000D3F88830002B07D06C4BD3F88830796BBB
:106240001846FEF751FB06E0684BD3F88030796BB7
:106250001846FEF7DFF900237B6397F8233043F0FD
:10626000020387F823307B6B002B00F0AE807B6B42
:10627000F1221A707B6B01225A707B6B97F82320F6
:106280009A703B6BDAB27B6BDA707B6BFA695A609F
:106290007B6B00229A607B6B0022DA607B6B0022B2
:1062A0001A617B6B00225A617B6B00229A617B6BC7
:1062B0000022DA617B6A5AB27B6B83F820207B6A0A
:1062C0005AB27B6B83F821207B6BFD2283F822205E
:1062D0007B6B002283F823207B6B00225A627B6B4E
:1062E00000229A627B6B0022DA627B6BFA6A1A6385
:1062F0007B6BBA6A5A63FA6ABB6A1344A3F1400221
:106300007B6B9A63FA687B6BDA63FB6ABB61BB6980
:10631000384A1A60364B1B6803F00403002B11D077
:10632000BB6A9B08113B7B6109E0BB690433BB611D
:10633000BB694FF0CC321A607B69013B7B617B69A2
:10634000002BF2D17B6B9B6BBB6100237B6108E070
:106350007B699B00BA69134400221A607B69013390
:106360007B617B690D2BF3D1BB693433224A1A6000
:10637000BB693833FA681A601D4B1B6803F00103D0
:10638000002B14BF01230023DAB2FB6803F00103E2
:10639000002B14BF01230023D9B2BB6903F13C04D5
:1063A0001046FFF775F903462360BB692033BA68CE
:1063B0001A600E4B114A1A667B6BD96B7B6B5B685C
:1063C0001A46786BFCF7FDFB04E06FF00401002037
:1063D000FCF7E0FB7B6B002B02D0786BFFF782FDB4
:1063E0007B6B18463C37BD4690BD00BF10000020B7
:1063F000FC540100A52E5AE28D74000015600000C7
:1064000080B584B000AF78607868FFF7F7F9F8607E
:10641000FB68002B03D0FB681B78F12B05D0002113
:10642000F868FCF7DAFB002307E0FB685B681946B5
:10643000F868FCF7D2FBFB685B6818461037BD466E
:1064400080BD80B582B000AFFFF72CFA7860786825
:10645000FCF7CEFB7B6818460837BD4680BD80B58B
:1064600084B000AF78607868FFF7C8F9F860FB681F
:10647000002B03D0FB681B78F12B07D04FF0FF31C6
:10648000F868FCF7BFFB4FF0FF3308E0F868FFF750
:10649000E1F9B860B968F868FCF7B4FBBB68184666
:1064A0001037BD4680BD80B584B000AF7860786895
:1064B000FFF7A4F9F860FB68002B03D0FB681B789A
:1064C000F12B05D00021F868FCF7A7FB002307E0BB
:1064D000FB685B6B1946F868FCF79FFBFB685B6B1E
:1064E00018461037BD4680BD80B586B000AF7860D5
:1064F0007868FFF783F9F860FB68002B03D0FB682E
:106500001B78F12B05D00021F868FCF791FB0023E4
:1065100031E01B4B1B6803F00403002B05D1002165
:10652000F868FCF785FB002325E0FB681B6B7B61AB
:106530007B691A1D7A611B68124A934212D10423A7
:106540003B6109E07B691A1D7A611B68B3F1CC3F9E
:106550000BD13B6904333B61FB685B6B3A699A4240
:10656000F0D303E000233B6100E000BF3969F86825
:10657000FCF75EFB3B6918461837BD4680BD00BF7F
:10658000FC540100A52E5AE280B584B000AF7860BB
:1065900039607868FFF732F9F860FB68002B09D0A2
:1065A000FB681B78F12B05D13B68002B02DD3B68B3
:1065B000382B07DD6FF00301F868FCF7EBFA6FF09A
:1065C000030327E0FB685B78042B07D16FF002011F
:1065D000F868FCF7DFFA6FF002031BE0FB6893F941
:1065E00020203B685BB29A4213D03B685AB2FB68EA
:1065F00083F820203B685AB2FB6883F82120396871
:10660000F868FCF72BFBF868FFF72FFA0020FFF77C
:1066100069FC002318461037BD4680BD80B584B0A4
:1066200000AF78607868FFF7E9F8F860FB68002B46
:1066300003D0FB681B78F12B07D04FF0FF31F868CF
:10664000FCF717FB4FF0FF3314E0FB685B78042B7B
:1066500007D14FF0FF31F868FCF70BFB4FF0FF3329
:1066600008E0F868FFF706F9B860B968F868FCF761
:1066700000FBBB6818461037BD4680BD80B582B0B0
:1066800000AFFFF704F90346022B1CD1FFF70AF90C
:1066900078600F4B5B6A3B603B68002B13D03B6814
:1066A00093F920207B6893F920309A420BD1386807
:1066B000FFF7FEF97868FFF73FFA7868FCF75BFBB5
:1066C0003868FFF7FBFB002318460837BD4680BD3E
:1066D0001000002080B584B000AF78607868FFF7C4
:1066E0008DF8B860BB68002B03D0BB681B78F12B1A
:1066F00007D06FF00301B868FCF74CFA6FF00303A2
:1067000052E0BB685B7803F00F03032B20D0032B10
:1067100027D8012B16D0022B23D1FFF7B8F8034658
:10672000022B03D1224B5B6A002B08D16FF00201D0
:10673000B868FCF72FFA6FF00203FB601AE0002341
:10674000FB6017E0B868FFF7B3F90023FB6011E0C6
:10675000B868FFF7ADF9B868FFF76AFA0023FB6085
:1067600008E06FF00201B868FCF714FA6FF002035A
:10677000FB6000BFFB68002B15D1B868FCF795FAE9
:10678000BB685B78022B06D10A48FFF73BF903464A
:106790001846FFF793FBBB6803225A704FF0FF3196
:1067A000B868FFF7DBF9FB6818461037BD4680BDB7
:1067B000100000202C00002080B584B000AF78606D
:1067C0007868FFF71BF8F860FB68002B03D0FB68C4
:1067D0001B78F12B07D06FF00301F868FCF7DAF9AA
:1067E0006FF003031AE0FB685B7803F00F03032BE1
:1067F00007D06FF00201F868FCF7CCF96FF00203E4
:106800000CE0F868FCF765FAF868FFF751F9F868EA
:10681000FFF70EFAF868FFF765FB002318461037FC
:10682000BD4680BD80B582B000AF78607B689B6953
:10683000002B0BD07B689B69002200211846FFF7D4
:1068400095FB7B689B691846FCF775FA7B685B785B
:10685000232B03D17B689B6800229A6100BF083715
:10686000BD4680BD80B582B000AF78607B680022F5
:106870005A707B6800221A707B689B7803F00203D1
:10688000002B17D07B689B7803F01003002B09D0F6
:10689000174BD3F884207B681B6B19461046FEF714
:1068A00023F807E0124B5A6F7B681B6B19461046A2
:1068B000FDF7B0FE7B689B7803F00103002B13D03B
:1068C0000B4BD3F88830002B07D0094BD3F8883016
:1068D00079681846FEF708F806E0054BD3F88030D3
:1068E00079681846FDF796FE00BF0837BD4680BDA3
:1068F0001000002080B582B000AF78607B68DB7844
:1069000003F00103002B03D17868FFF7ABFF14E01D
:106910007B6804225A707B680022DA600A4B5A6B4B
:106920007B689A60084B5B6B002B03D0064B5B6B5C
:106930007A68DA60044A7B6853637868FCF740FA47
:1069400000BF0837BD4680BD1000002080B584B070
:1069500000AF78607868FEF751FFF860FB68002BA5
:1069600003D0FB681B78F12B07D06FF00301F868A8
:10697000FCF710F96FF0030324E0FB68DB7803F009
:106980000103002B07D16FF00C01F868FCF702F946
:106990006FF0020316E0FB685B78042B07D1F968FF
:1069A0000A48FFF7A4F8F868FFF75CFF06E0FB6809
:1069B000DB7823F00103DAB2FB68DA70F868FCF7E1
:1069C0009CF9002318461037BD4680BD44000020C6
:1069D00080B586B000AF78607868FEF70FFF386149
:1069E0003B69002B03D03B691B78F12B07D06FF07C
:1069F00003013869FCF7CEF86FF003034FE03B6901
:106A0000DB7803F00103002B07D16FF00C0138692C
:106A1000FCF7C0F86FF0020341E03B695B78022BA2
:106A200007D16FF002013869FCF7B4F86FF0020388
:106A300035E03B695B78042B0CD139691A48FFF7C4
:106A400056F83869FFF70EFF3869FCF774F9002330
:106A50007B6123E04FF0FF312320FFF7AAFA0346C2
:106A6000002B13D0FEF71EFFF860FB683A699A60AE
:106A70003B69FA689A613B69DB7823F00103DAB27B
:106A80003B69DA703869FCF74CF904E06FF00201F9
:106A90003869FCF77FF86FF002037B617B69184669
:106AA0001837BD4680BD00BF4400002080B582B0CD
:106AB00000AFFEF7ECFE0346022B22D1134B5B6ABC
:106AC000002B1ED0FEF7EEFE78607B68DB6A18466E
:106AD00002F02AFC7868FFF7A5FE0D48FEF792FF4A
:106AE00003461846FFF7EAF9EFF309833B603A687B
:106AF0007B689A630020FEF7E1FE7868FFF7FAFEF4
:106B000000E000BF0837BD4680BD00BF1000002078
:106B10002C00002080B586B000AF78607868FEF762
:106B20006DFE38613B69002B03D03B691B78F12B6C
:106B300007D06FF003013869FCF72CF86FF00303FE
:106B40005FE03B695B7803F00F03032B20D0032B3E
:106B500027D8012B16D0022B23D1FEF798FE03462F
:106B6000022B03D1294B5B6A002B08D16FF0020185
:106B70003869FCF70FF86FF002037B611AE000231D
:106B80007B6117E03869FEF793FF00237B6111E01A
:106B90003869FEF78DFF3869FFF74AF800237B61FB
:106BA00008E06FF002013869FBF7F4FF6FF00203B1
:106BB0007B6100BF7B69002B22D13B69DB6A1846F1
:106BC00002F0B2FB3869FFF72DFE3B695B78022BC0
:106BD00010D10F48FEF716FF03461846FFF76EF96F
:106BE000EFF30983FB60FA683B699A630020FEF7C4
:106BF00065FE02E00020FFF775F93869FFF77AFEBD
:106C00007B6918461837BD4680BD00BF10000020C4
:106C10002C00002080B582B000AF01233B60174BF1
:106C20005B6A7B6005E03B6801333B607B689B6887
:106C30007B607B68002BF6D1104BDB6A7B6005E044
:106C40003B6801333B607B681B697B607B68002B82
:106C5000F6D10A4B1B6B7B6005E03B6801333B6060
:106C60007B681B697B607B68002BF6D13868FCF77A
:106C7000B1F83B6818460837BD4680BD10000020BB
:106C800080B584B000AF786039607B68002B02D09B
:106C90003B68002B06D1002239687868FCF7A4F81D
:106CA000002359E0FEF7FEFD02467B681A607B6810
:106CB00004337B600123BB60294B5B6AFB600BE004
:106CC0007B68FA681A607B6804337B60BB680133B9
:106CD000BB60FB689B68FB60FB68002B03D0BA6855
:106CE0003B689A42ECD31E4BDB6AFB600BE07B688F
:106CF000FA681A607B6804337B60BB680133BB6051
:106D0000FB681B69FB60FB68002B03D0BA683B681B
:106D10009A42ECD3124B1B6BFB600BE07B68FA686A
:106D20001A607B6804337B60BB680133BB60FB681F
:106D30001B69FB60FB68002B03D0BA683B689A4272
:106D4000ECD3BB689B005B427A681344BA6839682D
:106D50001846FCF749F8BB6818461037BD4680BD99
:106D60001000002080B586B000AF78603960786888
:106D7000FEF744FD38613B69002B06D03B691B7868
:106D8000F12B02D13B68002B07DA6FF00301386961
:106D9000FCF736F86FF0030345E03B695B78042BA2
:106DA00007D16FF002013869FCF72AF86FF002038F
:106DB00039E039683869FEF791FD78613B695B78A5
:106DC000332B2BD13B69596A3B6993F823301A4620
:106DD0003869FEF7A5FDF860FB68002B1ED03B6903
:106DE00093F8233003F00203002B06D13B695B6A62
:106DF000DB43FA6813407B6101E0FB687B610122A1
:106E0000F9683869FFF7B2F83B69586A3B6993F84B
:106E1000233019463B69FA68FCF753F879693869F9
:106E2000FCF704F87B6918461837BD4680BD80B56D
:106E300084B000AF7860FEF735FDF860FB68002B8A
:106E400007D16FF007010020FBF7DAFF4FF0FF33A7
:106E500013E07B68002B07DA6FF00301F868FBF79B
:106E6000CFFF6FF0030308E07968F868FEF747FD8D
:106E7000B860B868FBF7EFFFBB6818461037BD462F
:106E800080BD80B582B000AFFEF70CFD78607B68F6
:106E9000002B04D10020FBF7E8FF002306E07B680D
:106EA0009B6A1846FBF7E1FF7B689B6A1846083728
:106EB000BD4680BD80B586B000AFF860B9607A602D
:106EC000FEF7F0FC38613B69002B07D16FF007013A
:106ED0000020FBF795FF4FF0FF3343E0FB68002BEA
:106EE00007DA6FF003013869FBF78AFF6FF00303DD
:106EF00038E0BA68F9683869FEF712FD78617B6995
:106F0000002B06D03B697A69B968F868FBF7D9FFAE
:106F100027E07B68002B1DD07A68B968F868FBF71A
:106F2000BAFF3B69FA685A62BB68DAB23B6983F818
:106F3000232079683320FFF73CF8034683F00103F0
:106F4000DBB2002B02D03869FBF7B1FF6FF0010311
:106F50007B6106E0B968F868FBF7C0FF6FF00203D9
:106F60007B617B6918461837BD4680BD80B584B00B
:106F700000AF786039607868FEF740FCF860FB6825
:106F8000002B06D0FB681B78F12B02D13B68002B4D
:106F900007DA6FF00301F868FBF732FF6FF00303C5
:106FA0001CE0FB685B78042B07D16FF00201F868E6
:106FB000FBF726FF6FF0020310E03968F868FEF770
:106FC0008DFCB860F868FEF724FC03461846FEF70F
:106FD0003FFBB968F868FBF729FFBB681846103714
:106FE000BD4680BD80B582B000AF0023FB711B4B56
:106FF0009B6D1A4600211A48FFF734F803461846DD
:10700000FEF7FCFB0346174A9362144B5B6E002BA2
:107010001CD0124B5B6E98470346002B18D10F4BC8
:107020001B6E104AD16C0D4AD26D1846FFF71AF844
:1070300003461846FEF7E2FB03460A4A9364094BEF
:107040009B6C002B04D00123FB7101E00123FB7139
:10705000FB7918460837BD4680BD00BFFC540100CF
:10706000C57F00001000002080B588B000AFF86038
:10707000B9607A607A68B968F868FBF796FDFEF740
:107080002AFB0346002B04D1FEF737FB0346002BF7
:1070900007D06FF005010020FBF77CFD0023FB61AA
:1070A00010E0FB68BB61BB687B617B683B61BB69CF
:1070B00018467B6919463B691A46054B9C4600DF1A
:1070C0000346FB61FB6918462037BD4680BD00BF03
:1070D0006560000080B584B000AF7860FEF7FBFA11
:1070E0000346002B04D1FEF708FB0346002B06D015
:1070F00000217868FBF771FD0023FB6008E07B68E6
:10710000BB60BB681846054B9C4600DF0346FB602E
:10711000FB6818461037BD4680BD00BF0164000003
:1071200080B582B000AFFEF7D6FA0346002B04D13B
:10713000FEF7E3FA0346002B03D0FFF782F97860ED
:1071400004E0054B9C4600DF03467B607B681846E5
:107150000837BD4680BD00BF4364000080B584B0E1
:1071600000AF7860FEF7B7FA0346002B04D1FEF7B4
:10717000C4FA0346002B08D04FF0FF317868FBF7C4
:1071800041FD4FF0FF33FB6008E07B68BB60BB68EC
:107190001846054B9C4600DF0346FB60FB6818461B
:1071A0001037BD4680BD00BF5F64000080B584B06D
:1071B00000AF7860FEF78FFA0346002B04D1FEF78C
:1071C0009CFA0346002B06D000217868FBF725FDCA
:1071D0000023FB6008E07B68BB60BB681846054B7A
:1071E0009C4600DF0346FB60FB6818461037BD462F
:1071F00080BD00BFA764000080B584B000AF786098
:10720000FEF769FA0346002B04D1FEF776FA03462F
:10721000002B06D000217868FBF70AFD0023FB60F5
:1072200008E07B68BB60BB681846054B9C4600DFE6
:107230000346FB60FB6818461037BD4680BD00BFA3
:10724000E964000080B586B000AF786039603968C5
:107250007868FBF7F8FCFEF73EFA0346002B04D1F2
:10726000FEF74BFA0346002B08D06FF00501786853
:10727000FBF790FC6FF005037B610CE07B683B61E2
:107280003B68FB603B691846FB681946044B9C460B
:1072900000DF03467B617B6918461837BD4680BD19
:1072A0008965000080B584B000AF7860FEF713FAFE
:1072B0000346002B04D1FEF720FA0346002B08D02A
:1072C0004FF0FF317868FBF7D4FC4FF0FF33FB60E1
:1072D00008E07B68BB60BB681846054B9C4600DF36
:1072E0000346FB60FB6818461037BD4680BD00BFF3
:1072F0001D66000080B582B000AFFBF7C5FCFEF74D
:10730000EAF90346002B04D1FEF7F7F90346002BF8
:1073100008D06FF005010020FBF73CFC6FF005037F
:107320007B6004E0044B9C4600DF03467B607B6887
:1073300018460837BD4680BD7D66000080B584B024
:1073400000AF78607868FBF7A6FCFEF7C4F9034647
:10735000002B04D1FEF7D1F90346002B08D06FF0C3
:1073600005017868FBF716FC6FF00503FB6008E089
:107370007B68BB60BB681846044B9C4600DF034635
:10738000FB60FB6818461037BD4680BDD56600001F
:1073900080B584B000AF78607868FBF790FCFEF7AA
:1073A0009AF90346002B04D1FEF7A7F90346002BF8
:1073B00008D06FF005017868FBF7ECFB6FF0050370
:1073C000FB6008E07B68BB60BB681846044B9C46CA
:1073D00000DF0346FB60FB6818461037BD4680BDE2
:1073E000B967000080B584B000AF78607868FBF7BB
:1073F0007AFCFEF770F90346002B04D1FEF77DF905
:107400000346002B08D06FF005017868FBF7C2FB3C
:107410006FF00503FB6008E07B68BB60BB68184643
:10742000044B9C4600DF0346FB60FB6818461037A0
:10743000BD4680BD4D69000080B584B000AF786066
:107440007868FBF764FCFEF746F90346002B04D18D
:10745000FEF753F90346002B08D06FF0050178685A
:10746000FBF798FB6FF00503FB6008E07B68BB60EF
:10747000BB681846044B9C4600DF0346FB60FB6874
:1074800018461037BD4680BDD169000080B500AFF9
:10749000FBF785FC044B9C4600DF4FF0FF310020DA
:1074A000FBF778FBFEE700BFAD6A000080B584B053
:1074B00000AF78607868FBF779FCFEF70CF90346BB
:1074C000002B04D1FEF719F90346002B08D06FF00A
:1074D00005017868FBF75EFB6FF00503FB6008E0D1
:1074E0007B68BB60BB681846044B9C4600DF0346C4
:1074F000FB60FB6818461037BD4680BD156B000069
:1075000080B582B000AFFEF7E6F80346002B04D149
:10751000FEF7F3F80346002B05D00020FBF75AFCDA
:1075200000237B6004E0054B9C4600DF03467B6044
:107530007B6818460837BD4680BD00BF156C00004B
:1075400080B586B000AF78603960FEF7C4F80346B6
:10755000002B04D1FEF7D1F80346002B07D0002200
:1075600039687868FBF740FC00237B610BE07B689F
:107570003B613B68FB603B691846F968044B9C46DD
:1075800000DF03467B617B6918461837BD4680BD26
:10759000816C000080B586B000AF786039603968D2
:1075A0007868FBF738FCFEF796F80346002B04D109
:1075B000FEF7A3F80346002B05D039687868FFF77B
:1075C000D5FC78610BE07B683B613B68FB603B6905
:1075D0001846F968044B9C4600DF03467B617B69D3
:1075E00018461837BD4680BD656D000080B584B073
:1075F00000AF78607868FBF724FCFEF76CF8034670
:10760000002B04D1FEF779F80346002B08D06FF069
:1076100005010020FBF7F4FB6FF00503FB6007E0BA
:107620007B68BB60B868054B9C4600DF0346FB6087
:10763000FB6818461037BD4680BD00BF2F6E0000A6
:1076400080B582B000AFFEF746F80346002B04D1A8
:10765000FEF753F80346002B05D00020FBF705FC8E
:1076600000237B6004E0054B9C4600DF03467B6003
:107670007B6818460837BD4680BD00BF836E00009A
:1076800080B588B000AFF860B9607A607A68B96890
:10769000F868FBF7F4FBFEF71EF80346002B04D155
:1076A000FEF72BF80346002B08D06FF005010020F1
:1076B000FBF7A6FB6FF00503FB610DE0FB68BB6108
:1076C000BB687B617B683B61B86979693A69054B46
:1076D0009C4600DF0346FB61FB6918462037BD4628
:1076E00080BD00BFB56E000080B483B000AFEFF383
:1076F00005837B607B68002B14BF01230023DBB272
:1077000018460C37BD465DF8047B704780B483B0E3
:1077100000AFEFF310837B607B68002B05D1EFF3A4
:1077200011833B603B68002B01D0012300E0002364
:1077300003F00103DBB218460C37BD465DF8047B4D
:10774000704780B483B000AF78607B6818460C3710
:10775000BD465DF8047B704780B400AF034B5B69A6
:107760001846BD465DF8047B704700BF100000203E
:1077700080B483B000AF7860044A7B68536100BF77
:107780000C37BD465DF8047B704700BF1000002039
:1077900080B485B000AF786039600023FB601E4B79
:1077A0005B6CBB6009E0BB681B693A68D31A3B603D
:1077B000BB68FB60BB68DB68BB60BB68002B04D0A8
:1077C000BB681B693A689A42EDD27B683A681A61D5
:1077D0007B68FA689A607B68BA68DA60BB68002BDD
:1077E00009D0BB681A697B681B69D21ABB681A6129
:1077F000BB687A689A60FB68002B03D0FB687A68E4
:10780000DA6002E0044A7B68536400BF1437BD4667
:107810005DF8047B704700BF1000002080B483B087
:1078200000AF78607B68DB68002B0DD07B68DB687D
:1078300019697B681A697B68DB680A441A617B688E
:10784000DB687A6892689A607B689B68002B05D039
:107850007B689B687A68D268DA6003E07B68DB68E3
:10786000034A536400BF0C37BD465DF8047B704784
:107870001000002080B483B000AF78607B68DB68C4
:10788000002B04D07B68DB687A6892689A607B681A
:10789000DB68044A536400BF0C37BD465DF8047BC7
:1078A000704700BF1000002080B584B000AF2B4BA4
:1078B0005B6CBB60BB68002B4BD0FFF74DFFF860E3
:1078C000BB681B695A1EBB681A6137E0B868FFF7CE
:1078D000D1FF224BD86CBB6803F1180100230022B2
:1078E00001F07AFB78607B68002B16D0FFF734FF3D
:1078F00038601A4B9B691846FFF73AFFB9680320B6
:10790000FCF79DFBFFF728FF0346002B05D1FA6823
:107910003B689A4201D10023FB60BB68DB78012BF6
:1079200006D1BB685B691946B868FFF731FF02E012
:10793000BB6801225A70094B5B6CBB60BB68002BB3
:1079400003D0BB681B69002BC0D0F868FFF710FF9D
:1079500000E000BF1037BD4680BD00BF1000002012
:1079600080B582B000AF4FF0FF337B6001F0B5FA15
:107970000346002B04D1054B054A1A6500237B60A2
:107980007B6818460837BD4680BD00BF1000002048
:10799000A978000080B586B000AF78607B687B6115
:1079A00007F108014FF0FF330022786901F050FB26
:1079B00038613B69002BF3D1BB68FA681146184661
:1079C000FBF7DEFABB68FA6810469847E8E780B52F
:1079D00088B000AFF8607A603B600B46FB72FB68D2
:1079E000002B05D0FB7A002B09D0FB7A012B06D0A7
:1079F0006FF003010020FBF7B8FA002379E03B6841
:107A0000002B23D03B681B687B613B689B68FB6154
:107A1000FB69002B0FD0FB6903F00303002B03D19C
:107A20003B68DB681F2B15D86FF008010020FBF7BF
:107A30009CFA00235DE03B68DB68002B0AD06FF006
:107A400008010020FBF791FA002352E000237B613C
:107A50000023FB61FB69002B18D1284BD3F88C3035
:107A6000002B07D0254BD3F88C301846FCF718FFB5
:107A7000F86108E0214BD3F880300122202118461C
:107A8000FCF72CFDF8610123FB7601E00023FB7677
:107A9000FB69002B27D0FB69F2221A70FB690122D7
:107AA0005A70FB69FA7E9A70FB69FA7ADA70FB69A0
:107AB0007A695A60FB6900229A60FB690022DA60E9
:107AC000FB6900221A61FB6900225A61FB69FA68AE
:107AD0009A61FB697A68DA61FB695B681946F86943
:107AE000FBF767FA04E06FF004010020FBF73DFAB2
:107AF000FB6918462037BD4680BD00BF100000203E
:107B000080B584B000AF78607868FFF71AFEF8603F
:107B1000FB68002B03D0FB681B78F22B05D00021FB
:107B2000F868FBF751FA002307E0FB685B68194629
:107B3000F868FBF749FAFB685B6818461037BD46E2
:107B400080BD80B584B000AF786039607868FFF799
:107B5000F8FDF860FB68002B06D0FB681B78F22B61
:107B600002D13B68002B07D16FF00301F868FBF7E7
:107B7000FCF96FF0030324E0FB685B78022B06D16D
:107B8000FB683A685A61F868FFF748FE11E00F4B4E
:107B90001B6D002B07D16FF00201F868FBF7E5F9C8
:107BA0006FF002030DE0FB6802225A70FB683A682E
:107BB0005A613968F868FFF7EBFDF868FBF71AFAC5
:107BC000002318461037BD4680BD00BF10000020BE
:107BD00080B584B000AF78607868FFF7B2FDF860D8
:107BE000FB68002B03D0FB681B78F22B07D06FF0EB
:107BF0000301F868FBF7B9F96FF0030315E0FB68C0
:107C00005B78022B07D06FF00201F868FBF7ADF943
:107C10006FF0020309E0FB6801225A70F868FFF771
:107C2000FDFDF868FBF7FAF9002318461037BD464A
:107C300080BD80B584B000AF78607868FFF781FDC3
:107C4000B860BB68002B03D0BB681B78F22B05D053
:107C50000021B868FBF7ECF9002311E0BB685B7802
:107C6000022B06D10121B868FBF7E2F90123FB6082
:107C700005E00021B868FBF7DBF90023FB60FB6837
:107C800018461037BD4680BD80B584B000AF78601F
:107C90007868FFF756FDF860FB68002B03D0FB689F
:107CA0001B78F22B07D06FF00301F868FBF75DF942
:107CB0006FF003032AE0FB685B78022B02D1F868BF
:107CC000FFF7ACFDFB6800225A70FB6800221A70B7
:107CD000FB689B7803F00103002B13D00D4BD3F806
:107CE0008C30002B07D00B4BD3F88C30F96818463A
:107CF000FCF7FAFD06E0074BD3F88030F968184628
:107D0000FCF788FCF868FBF7A8F900231846103741
:107D1000BD4680BD1000002090B58BB000AFF8606C
:107D20007A603B600B46FB72F97A3B687A68F868C8
:107D3000FBF731F9FFF7D8FC0346002B04D1FFF71E
:107D4000E5FC0346002B07D06FF005010020FBF790
:107D50000CF900237B6213E0FB683B62FB7AFB7744
:107D60007B68BB613B687B613B6A1846FB7F1946B9
:107D7000BB691A467B69054CA44600DF03467B625B
:107D80007B6A18462C37BD4690BD00BFCF790000F6
:107D900080B584B000AF7860FFF7A6FC0346002BE7
:107DA00004D1FFF7B3FC0346002B06D0002178680E
:107DB000FBF70AF90023FB6008E07B68BB60BB6847
:107DC0001846054B9C4600DF0346FB60FB681846DF
:107DD0001037BD4680BD00BF017B000080B586B076
:107DE00000AF7860396039687868FBF7F8F8FFF71A
:107DF0007BFC0346002B04D1FFF788FC0346002BD5
:107E000008D06FF005017868FBF7AFF86FF0050355
:107E10007B610BE07B683B613B68FB603B6918461C
:107E2000F968054B9C4600DF03467B617B69184679
:107E30001837BD4680BD00BF437B000080B584B0CD
:107E400000AF78607868FBF7DFF8FFF74DFC03467A
:107E5000002B04D1FFF75AFC0346002B08D06FF02B
:107E600005017868FBF781F86FF00503FB6008E017
:107E70007B68BB60BB681846044B9C4600DF03462A
:107E8000FB60FB6818461037BD4680BDD17B000003
:107E900080B584B000AF7860FFF726FC0346002B66
:107EA00004D1FFF733FC0346002B06D0002178688D
:107EB000FBF7BEF80023FB6008E07B68BB60BB6893
:107EC0001846054B9C4600DF0346FB60FB681846DE
:107ED0001037BD4680BD00BF337C000080B584B044
:107EE00000AF78607868FBF7AEF8FFF7FDFB03465C
:107EF000002B04D1FFF70AFC0346002B08D06FF0DB
:107F000005017868FBF731F86FF00503FB6008E0C6
:107F10007B68BB60BB681846044B9C4600DF034689
:107F2000FB60FB6818461037BD4680BD897C0000A9
:107F30001EF0040F0CBFEFF30880EFF30980816996
:107F400011F8021C00291BD101B590E80F10E04781
:107F5000BDE80050CCF80000184B93E806009142B1
:107F600008BF70471A6019B12CE9F00FC1F838C08A
:107F7000906B6FF0020EB0E8F00F80F30988704745
:107F80000F4A13689942FAD801B552F821C00FC8B8
:107F9000E047BDE80050CCF80000704701B5FDF7A0
:107FA000F9FABDE80140EFF3098CD5E701B5FDF71B
:107FB00085FABDE80140EFF3098CCDE724000020ED
:107FC0007055010080B483B000AF7860FEE780B4E4
:107FD00083B000AF786039607B68013B042B0DD81B
:107FE00001A252F823F000BFFD7F0000FD7F0000DA
:107FF000FD7F0000FD7F0000FD7F000000BFFEE769
:1080000080B485B000AF786039607B68002B02D106
:108010004FF0FF331EE0124B1A687B68B2FBF3F39C
:10802000013BFB60FB68B3F1807F02D34FF0FF336D
:1080300010E00C4BFF2283F823200B4B06221A6022
:10804000094AFB685360084B00229A60074B0022E4
:108050001A70002318461437BD465DF8047B70473C
:108060009008002000ED00E010E000E014AF0020D8
:1080700080B400AF0A4B1B78002B06D0084B0022BF
:108080001A70084B4FF080625A60074B1B68064A13
:1080900043F00103136000BFBD465DF8047B7047E9
:1080A00014AF002000ED00E010E000E080B400AF6D
:1080B0000B4B1B680A4A23F001031360094B5B68F2
:1080C00003F08063002B06D0064B4FF000725A601D
:1080D000054B01221A7000BFBD465DF8047B704756
:1080E00010E000E000ED00E014AF002080B400AF2D
:1080F000034B1B6800BFBD465DF8047B704700BFA3
:1081000010E000E080B400AF4FF0FF331846BD46EA
:108110005DF8047B704780B400AF034B1B681846C2
:10812000BD465DF8047B70479008002080B400AF26
:10813000034B5B6801331846BD465DF8047B70470E
:1081400010E000E080B483B000AF064B5B687B605A
:10815000044B9B687A68D31A18460C37BD465DF805
:10816000047B704710E000E080B400AF044B5B6814
:108170009B0E03F001031846BD465DF8047B704773
:1081800000ED00E080B483B000AFEFF305837B60C7
:108190007B68002B14BF01230023DBB218460C3789
:1081A000BD465DF8047B704780B483B000AFEFF349
:1081B00010837B607B68002B05D1EFF311833B605C
:1081C0003B68002B01D0012300E0002303F00103F2
:1081D000DBB218460C37BD465DF8047B704790B49F
:1081E00082B000AF78600B46FB707B68FA78D3E80A
:1081F0004F1FC3E8402F00B1F9E7CCB22346184621
:108200000837BD4690BC704790B482B000AF78602C
:108210007B6853E8002F511C43E8001000B1F8E7D9
:108220001446234618460837BD4690BC704790B4A4
:1082300082B000AF78607B6853E8002F12B9BFF3BB
:108240002F8F04E0511E43E8001000B1F4E71446FC
:10825000234618460837BD4690BC704780B483B0AB
:1082600000AF78607B6818460C37BD465DF8047B2C
:10827000704780B483B000AF78607B6818460C37D5
:10828000BD465DF8047B704780B400AF034B5B696B
:108290001846BD465DF8047B704700BF1000002003
:1082A00080B584B000AF786039607B681B6B002BB1
:1082B0002ED07B681B6BFB600023BB6004E0FB6877
:1082C000BB60FB685B68FB60FB68002B05D0FB684C
:1082D000DA783B68DB789A42F1D33B68FA685A60F7
:1082E0003B68BA689A60FB68002B03D0FB683A6869
:1082F0009A6002E07B683A68DA62BB68002B03D0C0
:10830000BB683A685A600FE07B683A681A630BE012
:108310003B6800225A603B6800229A607B683A689A
:10832000DA627B683A681A637B6828331846FFF77D
:108330006BFF00BF1037BD4680BD80B586B000AF73
:1083400078607B6828331846FFF771FF38613B6916
:10835000002B15D07B68DB6A7B610DE07B69023303
:1083600001211846FFF73BFF0346FB73FB7B002B05
:1083700009D07B699B687B617B69002BEED103E0B0
:1083800000237B6100E000BF7B6918461837BD46BB
:1083900080BD80B483B000AF786039603B685B68B3
:1083A000002B05D03B685B683A6892689A6003E0EE
:1083B0003B689A687B68DA623B689B68002B05D053
:1083C0003B689B683A6852685A6003E03B685A68A9
:1083D0007B681A6300BF0C37BD465DF8047B7047AD
:1083E00080B588B000AF78607B689B78002B51D057
:1083F0007B68DB68FB617968F869FFF7CAFF7B6817
:1084000000221A70FB690C3379681846FCF76CFA85
:10841000FB699B68002B00F09180FB690C331846C8
:10842000FCF73EFAB860BB68002B00F08780F86963
:10843000FFF71FFF03461846FDF7E4FA78610022B4
:1084400000217869FDF792FD7869FDF7E9FC386154
:108450003B6904331B68BB61BB6803F10C00FB691B
:108460005B6A1A46B96903F0D9FABB68F9221A7037
:10847000BB6800229A703B6908331B68DAB2BB689C
:10848000DA70B968F869FFF70BFFB969F869FBF7AB
:10849000EAF853E07B689B68FB617B685B68BB61C3
:1084A000FB699B68002B41D0FB699B685B78832B41
:1084B0003CD1B969F869FBF7D6F8F869FFF7D9FE3E
:1084C00003461846FDF79EFA78610022002178697C
:1084D000FDF74CFD7869FDF7A3FC38613B69043377
:1084E0001B68FB607B6803F10C01FB695B6A1A4641
:1084F000F86803F093FA3B6908331B68002B06D039
:108500003B6908331B681A467B68DB781370F9688F
:10851000F869FBF7E1F87B6800221A70FB690C33FD
:1085200079681846FCF7E0F900BF07E0B969F86917
:10853000FBF799F87968F869FFF7B2FE00BF2037BA
:10854000BD4680BD80B58EB000AFF860B9607A607E
:10855000FB68002B1CD0BB68002B19D0FB687B612B
:108560007B69002B01D1202303E07B69B3FA83F3FD
:10857000DBB21A46BB68BB61BB69002B01D120236B
:1085800003E0BB69B3FA83F3DBB213441F2B06D8B5
:108590006FF003010020FBF70AF80023E7E0BB6857
:1085A000033323F003030C337B62FB687A6A02FB1C
:1085B00003F33B627B68002B46D07B681B68BB6281
:1085C0007B689B687B637B681B693B637B685B693B
:1085D000FB617B6B002B0FD07B6B03F00303002B45
:1085E00003D17B68DB68332B11D86FF008010020C2
:1085F000FAF7DDFF0023BAE07B68DB68002B06D0CA
:108600006FF008010020FAF7D2FF0023AFE03B6BC8
:10861000002B0FD03B6B03F00303002B03D1FA694F
:108620003B6A9A4216D26FF009010020FAF7BFFFA9
:1086300000239CE0FB69002B0CD06FF009010020A7
:10864000FAF7B5FF002392E00023BB6200237B63AF
:1086500000233B637B6B002B19D1474BD3F8A03031
:10866000002B07D0444BD3F8A0301846FCF718F97C
:10867000786308E0404BD3F880300122342118465B
:10868000FBF72CFF7863012387F82F3002E00023EB
:1086900087F82F307B6B002B35D03B6B002B32D112
:1086A000354BDB6F0022396A1846FBF717FF38633A
:1086B0003B6B002B1CD197F82F3003F00103002BEC
:1086C00013D02D4BD3F8A030002B07D02A4BD3F872
:1086D000A030796B1846FCF707F906E0264BD3F873
:1086E0008030796B1846FBF795FF00237B6304E02D
:1086F0003A6A0021386B02F025FF97F82F3043F0DB
:10870000020387F82F307B6B002B2AD07B6BFA2279
:108710001A707B6B97F82F209A707B6BBA6A5A603D
:108720007B6B00229A607B6BBA685A627B6B00227B
:108730009A627B6B0022DA627B6B00221A637B6B8E
:1087400003F10C003B6B7A6AF968FCF75DF80A4BA1
:108750000A4A1A677B6B5B681946786BFAF73EFF2B
:1087600004E06FF004010020FAF721FF7B6B18464C
:108770003837BD4680BD00BF10000020E1830000F7
:1087800080B584B000AF78607868FFF767FDF86067
:10879000FB68002B03D0FB681B78FA2B05D0002167
:1087A000F868FAF726FF002307E0FB685B681946C4
:1087B000F868FAF71EFFFB685B6818461037BD467D
:1087C00080BD90B58BB000AFF860B9603B601346D8
:1087D000FB71F868FFF742FD38623B6A002B06D058
:1087E0003B6A1B78FA2B02D1BB68002B07D16FF0D4
:1087F0000301386AFAF7DBFE6FF003038AE03B6A95
:108800009B68002B36D03B6A9B685B78832B31D109
:10881000B968386AFAF727FF386AFFF72AFD034676
:108820001846FDF7EFF8F86101220021F869FDF71D
:108830009DFBF869FDF7F4FAB861BB6904331B6866
:108840007B613B6A5B6A1A46B968786903F0E6F8AF
:10885000BB6908331B68002B05D0BB6908331B6854
:108860001A46FB7913707969386AFAF735FF0023E5
:108870007B624EE03B6A0C331846FCF711F8386116
:108880003B69002B1CD03B6903F10C003B6A5B6A1F
:108890001A46B96803F0C2F83B69F9221A703B69BD
:1088A00000229A703B69FA79DA703969386AFFF701
:1088B000F7FCB968386AFAF7D6FE00237B6228E035
:1088C0003B68002B1ED03A68B968386AFAF7AAFEEE
:1088D00039689320FDF76DFB0346002B0BD0386AF7
:1088E000FFF7C7FC0446FFF7CFFC034619462046B6
:1088F000FDF755F802E0386AFAF7A0FE6FF00103C1
:108900007B6206E0B968386AFAF7B8FE6FF00203D6
:108910007B627B6A18462C37BD4690BD90B58BB004
:1089200000AFF860B9607A603B60F868FFF796FCCA
:1089300038623B6A002B06D03B6A1B78FA2B02D1C7
:10894000BB68002B07D16FF00301386AFAF72FFEDE
:108950006FF0030393E0386AFFF7EFFCF861FB69FF
:10896000002B62D0F969386AFFF713FDFB6903F148
:108970000C013B6A5B6A1A46B86803F04FF87B68E3
:10898000002B03D0FB69DA787B681A70B968386A03
:10899000FAF7A2FEFB6900221A703B6A0C33F969F0
:1089A0001846FBF7A1FF3B6A9B68002B3AD03B6A55
:1089B0000C331846FBF774FFF861FB69002B31D0CC
:1089C000386AFFF756FC03461846FDF71BF8B861F6
:1089D00001220021B869FDF7C9FAB869FDF720FA4C
:1089E00078617B6904331B683B61FB6903F10C0010
:1089F0003B6A5B6A1A46396903F010F8FB69F92291
:108A00001A70FB6900229A707B6908331B68DAB21E
:108A1000FB69DA70F969386AFFF742FC3969386A2C
:108A2000FAF721FE00237B6228E03B68002B1ED072
:108A30003A68B968386AFAF739FE39688320FDF771
:108A4000B8FA0346002B0BD0386AFFF712FC044635
:108A5000FFF71AFC034619462046FCF7A0FF02E088
:108A6000386AFAF72FFE6FF001037B6206E0B968FF
:108A7000386AFAF73CFE6FF002037B627B6A1846A5
:108A80002C37BD4690BD80B584B000AF7860786863
:108A9000FFF7E4FBF860FB68002B03D0FB681B7852
:108AA000FA2B05D00021F868FAF72CFE002307E026
:108AB000FB68DB681946F868FAF724FEFB68DB6898
:108AC00018461037BD4680BD80B584B000AF7860D1
:108AD0007868FFF7C3FBF860FB68002B03D0FB68E6
:108AE0001B78FA2B05D00021F868FAF716FE002350
:108AF00007E0FB685B6A1946F868FAF70EFEFB6848
:108B00005B6A18461037BD4680BD80B584B000AFA3
:108B100078607868FFF7A2FBF860FB68002B03D051
:108B2000FB681B78FA2B05D00021F868FAF700FEE5
:108B3000002307E0FB689B6A1946F868FAF7F8FD1E
:108B4000FB689B6A18461037BD4680BD80B584B06F
:108B500000AF78607868FFF781FBF860FB68002B56
:108B600003D0FB681B78FA2B05D00021F868FAF7D0
:108B7000EAFD00230DE0FB68DA68FB689B6AD31A04
:108B80001946F868FAF7DFFDFB68DA68FB689B6A4C
:108B9000D31A18461037BD4680BD80B588B000AFE7
:108BA00078607868FFF75AFBF861FB69002B03D007
:108BB000FB691B78FA2B07D06FF00301F869FAF70D
:108BC000F6FC6FF003036BE0F869FFF7B6FBB861E2
:108BD000BB69002B11D0B969F869FFF7DAFB0021F6
:108BE000F869FAF779FDBB6900221A70FB690C334A
:108BF000B9691846FBF778FEE6E700BFFB699B689A
:108C0000002B49D0FB699B685B78932B44D1FB69AF
:108C10000C331846FBF744FEB861BB69002B31D01A
:108C2000F869FFF726FB03461846FCF7EBFE786170
:108C3000002200217869FDF799F97869FDF7F0F8CD
:108C400038613B6904331B68FB60BB6903F10C00AE
:108C5000FB695B6A1A46F96802F0E0FEBB69F9221B
:108C60001A70BB6900229A703B6908331B68DAB23C
:108C7000BB69DA70B969F869FFF712FBF968F8693E
:108C8000FAF7F1FCBB69002B03D0FB699B68002B52
:108C9000BDD10020FDF726F9F869FAF769FD002338
:108CA00018462037BD4680BD80B584B000AF7860DF
:108CB0007868FFF7D3FAF860FB68002B03D0FB68F5
:108CC0001B78FA2B07D06FF00301F868FAF76FFCF6
:108CD0006FF0030347E0FB689B68002B14D0F86833
:108CE000FFF7C7FA03461846FCF78CFEB86000226F
:108CF0006FF00201B868FDF739F9FB689B68002B3B
:108D0000EDD10020FDF7EEF8FB6800221A70FB6839
:108D10009B7803F00203002B07D0154BDA6FFB683A
:108D20009B6919461046FBF775FCFB689B7803F0BE
:108D30000103002B13D00E4BD3F8A030002B07D02B
:108D40000B4BD3F8A030F9681846FBF7CDFD06E0D1
:108D5000074BD3F88030F9681846FBF75BFCF868DE
:108D6000FAF71AFD002318461037BD4680BD00BF34
:108D70001000002080B588B000AFF860B9603B609B
:108D80001346FB71F868FFF769FAB861BB69002BFD
:108D900009D0BB691B78FA2B05D1BB68002B02D028
:108DA0003B68002B07D06FF00301B869FAF7FFFBAF
:108DB0006FF0030338E0BB690C331846FBF770FD16
:108DC00078617B69002B27D07B6903F10C00BB69BC
:108DD0005B6A1A46B96802F021FE7B69F9221A70B3
:108DE0007B6900229A707B69FA79DA707B690433B7
:108DF000BA681A607B690833BA691A607869FFF744
:108E000038FA03461846FCF723FCB968B869FAF744
:108E10001FFC0023FB6106E0B968B869FAF72EFC75
:108E20006FF00203FB61FB6918462037BD4680BD29
:108E300080B588B000AFF860B9607A603B60F868D0
:108E4000FFF70CFAB861BB69002B09D0BB691B782E
:108E5000FA2B05D1BB68002B02D03B68002B07D052
:108E60006FF00301B869FAF7A2FB6FF0030330E07B
:108E7000B869FFF762FA78617B69002B21D07B69C2
:108E800003F10C01BB695B6A1A46B86802F0C6FDC3
:108E90007B68002B03D07B69DA787B681A707B696A
:108EA0000C33BA691A607869FFF7E3F9034618468C
:108EB000FCF7CEFBB968B869FAF70EFC0023FB613A
:108EC00006E0B968B869FAF712FC6FF00203FB61BB
:108ED000FB6918462037BD4680BD80B582B000AF23
:108EE0004FF0FF337B600D4BDB6E0C4A926E082116
:108EF0001846FFF727FB03461846FFF7AFF903466E
:108F0000074AD364064BDB6C002B01D000237B6047
:108F10007B6818460837BD4680BD00BFFC54010081
:108F20001000002080B588B000AFF860B9607A60AA
:108F30007A68B968F868FAF745FBFFF723F9034642
:108F4000002B04D1FFF730F90346002B07D06FF058
:108F500005010020FAF72BFB0023FB610EE0FB6804
:108F6000BB61BB687B617B683B61B86979693B69C0
:108F70001A46054B9C4600DF0346FB61FB69184619
:108F80002037BD4680BD00BF4585000080B584B058
:108F900000AF7860FFF7F6F80346002B04D1FFF727
:108FA00003F90346002B06D000217868FAF721FB6D
:108FB0000023FB6008E07B68BB60BB681846054B7C
:108FC0009C4600DF0346FB60FB6818461037BD4631
:108FD00080BD00BF8187000090B58BB000AFF86006
:108FE000B9603B601346FB71FA793B68B968F86871
:108FF000FAF70AFBFFF7C6F80346002B04D1FFF788
:10900000D3F80346002B07D0FA793B68B968F868B3
:10901000FFF7B0FE786213E0FB683B62BB68FB6160
:10902000FB79FB763B687B613B6A1846FB69194616
:10903000FB7E1A467B69054CA44600DF03467B6233
:109040007B6A18462C37BD4690BD00BFC387000021
:1090500090B58BB000AFF860B9607A603B603B6858
:109060007A68B968F868FAF714FBFFF78BF80346DB
:10907000002B04D1FFF798F80346002B07D03B687C
:109080007A68B968F868FFF7D3FE786213E0FB6886
:109090003B62BB68FB617B68BB613B687B613B6A91
:1090A0001846FB691946BB691A467B69044CA446FD
:1090B00000DF03467B627B6A18462C37BD4690BDB5
:1090C0001D89000080B584B000AF7860FFF75AF8C2
:1090D0000346002B04D1FFF767F80346002B04D0AA
:1090E0007868FFF7D0FCF86008E07B68BB60BB687D
:1090F0001846054B9C4600DF0346FB60FB6818469C
:109100001037BD4680BD00BF878A000080B584B09F
:1091100000AF7860FFF736F80346002B04D1FFF765
:1091200043F80346002B04D07868FFF7CDFCF860C5
:1091300008E07B68BB60BB681846054B9C4600DFB7
:109140000346FB60FB6818461037BD4680BD00BF74
:10915000C98A000080B584B000AF7860FFF712F8CC
:109160000346002B04D1FFF71FF80346002B04D061
:109170007868FFF7CAFCF86008E07B68BB60BB68F2
:109180001846054B9C4600DF0346FB60FB6818460B
:109190001037BD4680BD00BF0B8B000080B584B08A
:1091A00000AF7860FEF7EEFF0346002B04D1FEF718
:1091B000FBFF0346002B04D07868FFF7C7FCF8607C
:1091C00008E07B68BB60BB681846054B9C4600DF27
:1091D0000346FB60FB6818461037BD4680BD00BFE4
:1091E0004D8B000080B584B000AF78607868FAF7E6
:1091F000B5FAFEF7C7FF0346002B04D1FEF7D4FFF4
:109200000346002B08D06FF005017868FAF7CFF914
:109210006FF00503FB6008E07B68BB60BB68184625
:10922000044B9C4600DF0346FB60FB681846103782
:10923000BD4680BD9B8B000080B584B000AF7860D8
:109240007868FAF79FFAFEF79DFF0346002B04D1DA
:10925000FEF7AAFF0346002B08D06FF005017868DF
:10926000FAF7A5F96FF00503FB6008E07B68BB60C7
:10927000BB681846044B9C4600DF0346FB60FB6856
:1092800018461037BD4680BDA98C000080B483B05D
:1092900000AFEFF305837B607B68002B14BF0123D5
:1092A0000023DBB218460C37BD465DF8047B7047DF
:1092B00080B483B000AFEFF310837B607B68002B3A
:1092C00005D1EFF311833B603B68002B01D00123F4
:1092D00000E0002303F00103DBB218460C37BD4663
:1092E0005DF8047B704780B483B000AF78607B6822
:1092F00018460C37BD465DF8047B704780B483B0D8
:1093000000AF78607B6818460C37BD465DF8047B7B
:10931000704780B400AF034B5B691846BD465DF8EB
:10932000047B70471000002080B586B000AF7860E5
:109330007B687B613EE07B695B693B617B69DB78D5
:1093400003F00803002B33D07B6900221A7600213A
:109350007869F9F7A9FF7B699B68002B28D07869A9
:10936000FFF7CCFF03461846FCF74CFBF8600022E1
:109370000021F868FCF7FAFD7B69FA68DA607B691E
:1093800000221A61FB68DA6A7B695A61FB68DB6A52
:10939000002B03D0FB68DB6A7A691A61FB687A6983
:1093A000DA627B6901221A7601217869F9F75DFF9B
:1093B0003B697B617B69002BBDD100BF00BF1837C3
:1093C000BD4680BD80B586B000AF786039607B68EF
:1093D000DB7803F00203002B3BD07B68DB68BB60CB
:1093E000BB6893F82130FB73BB68DB6A7B617B69E8
:1093F000DB7803F00203002B17D07B699B683B618D
:109400003A693B689A4202D13B699B683B613B6980
:10941000002B0AD03B6993F9203097F90F209A422C
:1094200003DA3B6993F82030FB737B695B697B61EE
:109430007B69002BDBD1BB6893F9203097F90F20B3
:109440009A4206D0BB68FA7B83F82020B868FCF704
:109450000CFB00BF1837BD4680BD80B586B000AF9D
:1094600078607B68002B26D07B681B68BB607B68BC
:109470005B683B617B689B687B617B69002B0FD0DD
:109480007B6903F00303002B03D17B68DB681B2B94
:1094900017D86FF008010020F9F79CFE00235AE06E
:1094A0007B68DB68002B0CD06FF008010020F9F717
:1094B00091FE00234FE00023BB6000233B610023AB
:1094C0007B617B69002B18D1254BD3F89430002B9E
:1094D00007D0234BD3F894301846FBF7E1F97861B5
:1094E00008E01F4BD3F8803001221C211846FAF700
:1094F000F5FF78610123FB7301E00023FB737B69B7
:10950000002B22D07B69F5221A707B69FA7B9A7056
:109510003B69DAB27B69DA707B69BA685A607B6949
:1095200000229A607B690022DA607B6900221A615E
:109530007B6900225A617B6900221A767B695B682D
:1095400019467869F9F75BFE04E06FF0040100202A
:10955000F9F740FE7B6918461837BD4680BD00BF4D
:109560001000002080B584B000AF78607868FFF705
:10957000BAFEF860FB68002B03D0FB681B78F52B64
:1095800005D00021F868F9F745FE002307E0FB68E5
:109590005B681946F868F9F73DFEFB685B6818469A
:1095A0001037BD4680BD80B586B000AF78603960A9
:1095B0007868FFF798FE3861FFF7ABFEF860FB684C
:1095C000002B07D16FF007013869F9F703FE4FF060
:1095D000FF339AE03B69002B03D03B691B78F52BE6
:1095E00007D06FF003013869F9F7F4FD6FF003035A
:1095F0008BE03B691B7E002B20D13B69FA68DA6067
:109600003B6900221A61FB68DA6A3B695A61FB68B0
:10961000DB6A002B03D0FB68DB6A3A691A61FB68DE
:109620003A69DA623B6901221A763B691B7E194668
:109630003869F9F71AFE00237B6165E03B69DB7846
:1096400003F00103002B20D03B69DB68FA689A42E3
:109650001BD13B691B7EFF2B08D16FF00F013869CE
:10966000F9F7B8FD6FF002037B614DE03B691B7EAB
:109670000133DAB23B691A763B691B7E19463869B9
:10968000F9F7F3FD00237B613EE03B68002B35D00A
:109690003B69DB7803F00203002B14D03B69DB68E5
:1096A00093F92020FB6893F920309A420BDA3B694A
:1096B000DB68FA6892F9202083F820203B69DB6898
:1096C0001846FCF7D2F939683869F9F7B9FD3968F5
:1096D0005320FCF76EFC0346002B08D03869FFF7D7
:1096E0000DFE0346F9681846FCF759F902E038699F
:1096F000F9F7B1FD6FF001037B6105E03869F9F717
:10970000BFFD6FF002037B617B6918461837BD46C9
:1097100080BD80B586B000AF78607868FFF7E3FD64
:10972000F860FFF7F6FDB860BB68002B07D16FF05B
:109730000701F868F9F74EFD4FF0FF33A8E0FB682A
:10974000002B03D0FB681B78F52B07D06FF00301CB
:10975000F868F9F73FFD6FF0030399E0FB681B7EA3
:10976000002B07D16FF00E01F868F9F733FD6FF0A9
:1097700002038DE0FB68DB68BA689A4207D06FF09D
:109780000D01F868F9F726FD6FF0020380E0FB6831
:109790001B7E013BDAB2FB681A76FB681B7E19461A
:1097A000F868F9F781FDFB681B7E002B6FD1FB6821
:1097B0005B69002B04D0FB685B69FA6812691A6167
:1097C000FB681B69002B05D0FB681B69FA685269AE
:1097D0005A6103E0FB685A69BB68DA62BB6893F8B8
:1097E0002130FB74BB68DB6A7B6119E07B69DB7845
:1097F00003F00203002B10D07B699B68002B0CD078
:109800007B699B6893F9203097F913209A4204DA18
:109810007B699B6893F82030FB747B695B697B6193
:109820007B69002BE2D1BB68FA7C83F82020FB68BF
:109830009B68002B28D0F868FFF760FD03461846A8
:10984000FCF7E0F8B86000220021B868FCF78EFB56
:10985000FB68BA68DA60FB6800221A61BB68DA6AE2
:10986000FB685A61BB68DB6A002B03D0BB68DB6A0C
:10987000FA681A61BB68FA68DA62FB6801221A7634
:109880000121F868F9F7F1FC0020FCF72BFB00231D
:1098900018461837BD4680BD80B584B000AF7860EB
:1098A0007868FFF720FDF860FB68002B03D0FB68A9
:1098B0001B78F52B05D00021F868F9F700FD00238F
:1098C00011E0FB681B7E002B05D10021F868F9F739
:1098D000F6FC002307E0FB68DB681946F868F9F737
:1098E000EEFCFB68DB6818461037BD4680BD80B5CE
:1098F00086B000AF78607868FFF7F5FCF860FB6829
:10990000002B03D0FB681B78F52B07D06FF0030109
:10991000F868F9F75FFC6FF0030387E0FB681B7ED4
:10992000002B62D0FB68DB68BB60FB685B69002BC7
:1099300004D0FB685B69FA6812691A61FB681B69ED
:10994000002B05D0FB681B69FA6852695A6103E075
:10995000FB685A69BB68DA62BB6893F82130FB7414
:10996000BB68DB6A7B6119E07B69DB7803F002038B
:10997000002B10D07B699B68002B0CD07B699B6807
:1099800093F9203097F913209A4204DA7B699B6897
:1099900093F82030FB747B695B697B617B69002BEA
:1099A000E2D1BB6893F9203097F913209A4215D081
:1099B000BB68FA7C83F82020B868FCF756F80DE005
:1099C000F868FFF79BFC03461846FCF71BF8B860E5
:1099D00000226FF00201B868FCF7C8FAFB689B68C8
:1099E000002BEDD10020FCF77DFAFB6800221A70F5
:1099F000FB689B7803F00103002B13D00D4BD3F8C9
:109A00009430002B07D00B4BD3F89430F9681846EC
:109A1000FAF76AFF06E0074BD3F88030F96818467A
:109A2000FAF7F8FDF868F9F75FFC002318461837D5
:109A3000BD4680BD1000002080B584B000AF7860C6
:109A40007868F9F7D2FBFFF721FC0346002B04D11D
:109A5000FFF72EFC0346002B07D06FF00501002016
:109A6000F9F7B8FB0023FB6008E07B68BB60BB68CC
:109A70001846054B9C4600DF0346FB60FB68184612
:109A80001037BD4680BD00BF5B94000080B584B038
:109A900000AF7860FFF7FAFB0346002B04D1FFF715
:109AA00007FC0346002B06D000217868F9F7B2FBCB
:109AB0000023FB6008E07B68BB60BB681846054B71
:109AC0009C4600DF0346FB60FB6818461037BD4626
:109AD00080BD00BF6595000080B586B000AF78609E
:109AE000396039687868F9F7A0FBFFF7CFFB0346C8
:109AF000002B04D1FFF7DCFB0346002B08D06FF0EE
:109B000005017868F9F766FB6FF005037B610BE0F0
:109B10007B683B613B68FB603B691846F968054B15
:109B20009C4600DF03467B617B6918461837BD46BB
:109B300080BD00BFA795000080B584B000AF7860FD
:109B40007868F9F7A7FBFFF7A1FB0346002B04D1C8
:109B5000FFF7AEFB0346002B08D06FF005017868D5
:109B6000F9F738FB6FF00503FB6008E07B68BB602A
:109B7000BB681846044B9C4600DF0346FB60FB684D
:109B800018461037BD4680BD1397000080B584B0DD
:109B900000AF7860FFF77AFB0346002B04D1FFF794
:109BA00087FB0346002B06D000217868F9F787FB76
:109BB0000023FB6008E07B68BB60BB681846054B70
:109BC0009C4600DF0346FB60FB6818461037BD4625
:109BD00080BD00BF9998000080B584B000AF786068
:109BE0007868F9F777FBFFF751FB0346002B04D1A8
:109BF000FFF75EFB0346002B08D06FF00501786885
:109C0000F9F7E8FA6FF00503FB6008E07B68BB60DA
:109C1000BB681846044B9C4600DF0346FB60FB68AC
:109C200018461037BD4680BDEF980000F8B52DED01
:109C3000028B57EC106B55EC114B00F0B3FA304629
:109C4000394622462B46B0EE408AF0EE608A0BF091
:109C50000DFA30B900220023204629460BF0D4F932
:109C600030B9B0EE480AF0EE680ABDEC028BF8BDE0
:109C700001F0F4FC00220023212101601046194666
:109C80000BF084F841EC180BB0EE480AF0EE680ACD
:109C9000BDEC028BF8BD00BF51EC100B1E4A21F049
:109CA000004393421ED900B51C4A934285B008D99F
:109CB00002460B460AF088FD41EC100B05B05DF83A
:109CC00004FB684600F044FC00F0030001289DED11
:109CD000000B9DED021B14D0022807D0A0B900F0A4
:109CE00067F8EBE79FED0A1B00F062B800F060F840
:109CF00053EC102B03F1004300EE903A05B05DF8F1
:109D000004FB00F08DF9F3E7012000F089F9D5E7B5
:109D10000000000000000000FB21E93FFFFFEF7F93
:109D200051EC100B204A21F0004393421FD900B59B
:109D30001E4A934285B008D902460B460AF044FDFC
:109D400041EC100B05B05DF804FB684600F000FC28
:109D500000F0030001289DED000B9DED021B17D0C4
:109D6000022809D0B8B9012000F05AF9EAE79FEDBE
:109D70000C1B002000F054B9012000F051F953EC05
:109D8000102B03F1004300EE903A05B05DF804FBA0
:109D900000F00EF8D6E700F00BF8F0E7AFF3008024
:109DA0000000000000000000FB21E93FFFFFEF7F03
:109DB0002DE9F04F57EC106B27F00048B8F1795FB0
:109DC0005BEC11AB85B071D2304639460BF064F9CB
:109DD000002800F0F48032463B46304639460AF00F
:109DE000ABFE79A3D3E9002304460D460AF0A4FE96
:109DF00077A3D3E900230AF0E9FC22462B460AF0B8
:109E00009BFE75A3D3E900230AF0DEFC22462B4615
:109E10000AF092FE72A3D3E900230AF0D7FC22468F
:109E20002B460AF089FE70A3D3E900230AF0CCFC8C
:109E300022462B460AF080FE6DA3D3E900230AF0E8
:109E4000C5FC22462B460AF077FECDE900016E4B99
:109E50000022204629460AF06FFEDDE900238046F5
:109E60008946204629460AF067FE44464D4680460C
:109E7000894652465B46304639460AF05DFE024648
:109E80000B46404649460AF09FFC02460B462046D8
:109E900029460AF099FC02460B4600205B490AF06D
:109EA00093FC41EC100B05B0BDE8F08F32463B4609
:109EB000304639460AF040FE43A3D3E90023044666
:109EC0000D460AF039FE42A3D3E900230AF07EFCD6
:109ED00022462B460AF030FE3FA3D3E900230AF0C6
:109EE00073FC22462B460AF027FE3DA3D3E900234C
:109EF0000AF06CFC22462B460AF01EFE3AA3D3E978
:109F000000230AF061FC22462B460AF015FE38A316
:109F1000D3E900230AF05AFC2B4622460AF00CFE35
:109F20003B4B9845CDE9000191D93A4B98453DD836
:109F3000A8F50013002235490020904699460AF002
:109F400043FCCDE90201304B0022204629460AF0AD
:109F5000F3FD42464B460AF037FCDDE9002380461C
:109F60008946204629460AF0E7FD44464D4680468C
:109F7000894652465B46304639460AF0DDFD0246C8
:109F80000B46404649460AF01FFC02460B46204657
:109F900029460AF019FC02460B46DDE902010AF0E7
:109FA00013FC41EC100B05B0BDE8F08F9FED127B68
:109FB000DFF864908DED027B4FF00008C3E79FED62
:109FC000100B05B0BDE8F08FD43888BEE9FAA8BD03
:109FD000C4B1B4BD9EEE213EAD529C804F7E923EF8
:109FE0009015CB19A001FA3E7751C1166CC1563FAE
:109FF0004C5555555555A53F000000000000E73F62
:10A00000000000000000F03F0000E03F0000F03FD3
:10A010003233D33F0000E93F0000D23F0000000090
:10A020002DE9F04F55EC104B25F0004385B0B3F10E
:10A03000795F8DED001B824606D2204629460BF043
:10A040002BF8002800F08C8022462B46204629461B
:10A050000AF072FD06460F4632463B462046294628
:10A060000AF06AFD45A3D3E90023CDE90201304699
:10A0700039460AF061FD43A3D3E900230AF0A4FBAB
:10A0800032463B460AF058FD40A3D3E900230AF0CC
:10A090009DFB32463B460AF04FFD3EA3D3E9002329
:10A0A0000AF092FB32463B460AF046FD3BA3D3E959
:10A0B00000230AF08BFB80468946BAF1000F37D0A7
:10A0C000DDE900012C4B00220AF036FDDDE902AB90
:10A0D00042464B4680468946504659460AF02CFD7A
:10A0E00002460B46404649460AF06EFB32463B4666
:10A0F0000AF022FDDDE900230AF066FB1CA3D3E988
:10A10000002306460F46504659460AF015FD024602
:10A110000B46304639460AF059FB02460B462046AC
:10A1200029460AF051FB41EC100B05B0BDE8F08F59
:10A1300002460B46304639460AF0FEFC0CA3D3E932
:10A1400000230AF041FBDDE902230AF0F5FC224678
:10A150002B460AF03BFB41EC100B05B0BDE8F08F3D
:10A1600045EC104B05B0BDE8F08F00BFAFF30080A9
:10A17000495555555555C53F0000E03F7CD5CF5A50
:10A180003AD9E53DEB9C2B8AE6E55A3E7DFEB15778
:10A19000E31DC73ED561C119A0012A3FA6F81011E1
:10A1A0001111813F53EC112B2DE9F04123F00047B1
:10A1B00052EA070451EC100B53D0C14C21F0004877
:10A1C000A0458C464DD85442BE4E144347EAD47441
:10A1D000B442154645D8B8459E46024601F00044B3
:10A1E00049DCC0F2BC80854200F2B98000F00581F4
:10A1F000314250D1B8F1000F3FD10028034640F35F
:10A200005481B1495B00002B01F1FF31FADCAD4B09
:10A210000EEA0303002B40F0C680002F40F0F480CC
:10A22000002D2B4600F3A480A848401A1F2800F3F5
:10A23000758101F21E4322FA03F308FA00F8A24ED8
:10A2400043EA080382404FF0150E06F21E4007FA5B
:10A250000EFC25FA00F005FA0EF5571B40EA0C0E2D
:10A260002EE00AF069FC02460B460AF08FFD41EC35
:10A27000100BBDE8F08131420DD194494FEAC8235B
:10A280005B00002B01F1FF31C1DD5B00002B01F110
:10A29000FF31F5DCBBE78B4B4FEA28500EEA030396
:10A2A000A0F2FF31002B5DD03F15CCF31303CEF3AA
:10A2B000130EA7F2FF3643F480134EF4801E571B93
:10A2C000881B411E60B926E001381CD4A2EB050CA6
:10A2D0004FEADC73013903EB40034FEA4C0219D318
:10A2E000AA42A3EB0E00EFD30028A2EB050C0ADB79
:10A2F00050EA0C03ECD1764BE40F03EBC40393ED6F
:10A30000000BBDE8F081D00F013900EB43034FEAA9
:10A310004202E5D2571BA3EB0E00AA4238BF00F160
:10A32000FF300028BCBF1746184650EA070305D186
:10A33000E1E7FB0F03EB40007F00013EB0F5801F1B
:10A34000F7DB624B9E4242DBA0F5801006F2FF363F
:10A35000204340EA06533A4643EC102B89E741EC90
:10A36000100B86E7002F4FD1002D2B4640F3B48011
:10A37000554E5B00002B06F1FF36FADC5348814254
:10A380004ADBA0EB060ECCF31303BEF11F0F43F420
:10A3900080137FF75AAF4F48801B891B05FA00FED8
:10A3A000013900259CE74948401A4FEA275C1F28DD
:10A3B000ACF2FF3652DD474BCEF3130E5B1A891B0E
:10A3C00002FA03F34EF4801E0139002288E7A3EB62
:10A3D000060CBCF1140F51DC06F21E4327FA0CF7F1
:10A3E00000FA03F340FA0CFC4CEA040443EA0700C9
:10A3F0002346024643EC102B3BE7354B03EB14732B
:10A4000093ED000B35E73049304EFB025B00002B2B
:10A4100006F1FF36FADCB1E7A0EB010CBCF11F0F2F
:10A420000FDCA0EB060E01F21E4322FA03F308FA3A
:10A430000CF8BEF11F0F43EA080302FA0CF2AADC83
:10A4400003E7A0EB060C2348BCF11F0FA0EB0103B0
:10A45000E64602FA03F31DDC0022F6E601F21E4393
:10A4600022FA03F308FA00F843EA08038240CEF325
:10A47000130E891B4EF4801E013931E7BCF11F0F0A
:10A480000FDC06F21E4327FA0CF700FA03F343EA47
:10A490000700ADE7801B891B05FA00FE27D00022CC
:10A4A0007EE70C4B9B1B1841A2E7064B0EEA030309
:10A4B0004BB33F150449A7F2FF36C30A4205D6E75E
:10A4C000FFFFEF7F0000F07FEDFBFFFF02FCFFFFCF
:10A4D000B0550100E2FBFFFFCCF313034FEAD52E8A
:10A4E000194E43F4801300F113016D05F8E6A3EB58
:10A4F0000E0000281EDB3FF4FEAEB0F5801F0F46B5
:10A50000FFF617AF65E7002F7FF47DAF002D0E49F2
:10A510002B46D8BF15203FF72BAF8AE60B4B0A4ED0
:10A520005B1A02FA03F34FEAD52E01F212413A46C2
:10A530006D05D5E6002B3FF4DEAEB3F5801F18465F
:10A540000F46FFF6F6AE44E7EDFBFFFFE2FBFFFF31
:10A550002DE9F04F53EC102B994923F000458D4223
:10A560008FB0044640F28E8096498D421F462AD80D
:10A57000002F1046194688A3D3E9002340F3A78192
:10A580000AF022F9904B9D4206460F4600F08E805D
:10A5900083A3D3E900230AF017F98046894642468F
:10A5A0004B46304639460AF00FF97DA3D3E9002324
:10A5B0000AF00AF9C4E90089C4E90201012630461B
:10A5C0000FB0BDE8F08F81498D4240F2898080490B
:10A5D0008D4262D82E15A6F21646A5EB06591046F6
:10A5E000494690460AF058FD0AF03CFA02460B46EE
:10A5F00040464946CDE908230AF0E6F8754B0022AB
:10A600000AF09AFA894680460AF046FD0AF02AFACC
:10A6100002460B4640464946CDE90A230AF0D4F8E3
:10A620006C4B00220AF088FACDE90C010DF1380AD2
:10A6300003254FF000084FF000097AE90201424675
:10A640004B46AB46013D0AF0DFFC0028F5D1624BDA
:10A6500001930223009332465B46214608A800F08E
:10A6600093F9002F0646AADA6168226801F10043D7
:10A67000E168C4E90023A26801F10043C4E90223B0
:10A6800046429CE70020002184ED000BC4E9020152
:10A69000002630460FB0BDE8F08F104619460AF08C
:10A6A00093F8C4E90201C4E90001F1E73EA3D3E94C
:10A6B00000230AF089F83EA3D3E9002306460F469B
:10A6C0000AF082F88046894642464B463046394673
:10A6D0000AF07AF836A3D3E900230AF075F869E79F
:10A6E00000F048F959EC108B33A3D3E9002340461E
:10A6F00049460AF021FA394B00220AF067F80AF0BD
:10A70000CBFC06460AF0AEF902460B46CDE9022321
:10A7100021A3D3E900230AF00FFA02460B46404674
:10A7200049460AF051F81EA3D3E9002382468B461E
:10A73000DDE902010AF000FA02460B46504659468E
:10A74000CDE904230AF040F81F2E8046894649DCF3
:10A75000234B721E53F82230AB4243D042464B4645
:10A76000C4E90089504659460AF02EF8DDE9042371
:10A770000AF02AF8002FC4E90201BFF620AF09F160
:10A780000043C4E9008301F10043C4E902037642B7
:10A7900015E700BFAFF3008000004054FB21F93FF4
:10A7A0003163621A61B4D03D0000601A61B4D03DDB
:10A7B0007370032E8A19A33B83C8C96D305FE43FD1
:10A7C000FB21E93F7BD90240FB21F93FFB213941C5
:10A7D000FFFFEF7F00007041405601000000E03FA6
:10A7E000C0550100C9F30A53C3EB1553102B4FEAB0
:10A7F0002555B3DD56A3D3E90023DDE902010AF0B4
:10A800009BF98046894642464B465046594609F0D8
:10A81000DBFF02460B4650465946CDE906239246D9
:10A820009B4609F0D1FF42464B4609F0CDFF4AA3B3
:10A83000D3E9002380468946DDE902010AF07CF96C
:10A8400042464B4609F0C0FF0B4602465946504669
:10A85000CDE9042309F0B8FFC1F30A53ED1A312DF5
:10A86000804689467FF77AAF3EA3D3E90023DDE92E
:10A8700002010AF061F98046894642464B46DDE90D
:10A88000060109F0A1FF82468B4652465B46DDE990
:10A89000060109F099FF42464B4609F095FF33A3A4
:10A8A000D3E9002380468946DDE902010AF044F934
:10A8B00042464B4609F088FF02460B465046594631
:10A8C000CDE9042309F080FF8046894646E709F078
:10A8D0007DFF234B9D4206460F4618D01AA3D3E9AD
:10A8E000002309F073FF8046894642464B463046B6
:10A8F000394609F069FF14A3D3E9002309F066FF84
:10A90000C4E90089C4E902014FF0FF3657E610A3FD
:10A91000D3E9002309F05AFF0FA3D3E90023064629
:10A920000F4609F053FF8046894642464B46304663
:10A93000394609F049FF08A3D3E9002309F046FF8F
:10A94000DEE700BFAFF300803163621A61B4D03D2F
:10A950000000601A61B4D03D7370032E8A19A33BC6
:10A96000FB21F93F0000002E8A19A33BC149202595
:10A970009A837B3951EC100B024621F0004343ECE3
:10A98000102B7047000000002DE9F04FADF5197D48
:10A990009C460A91B04BA299039053F8213004933E
:10A9A00012F1140F0CF1FF330293C0F2C182AB49D4
:10A9B000D31E81FB0301DB17C3EBA1030793013314
:10A9C000A3EB8303DB00D318079A0B930CF1FF333F
:10A9D000D41A049AD7181CD40137A39E274420AD5B
:10A9E0004FF000084FF00009E24608E056F8240056
:10A9F0000AF038F80134BC42E5E8020108D0002C26
:10AA0000F4DA013440464946BC42E5E80201F6D199
:10AA1000D446049B002BB8BF4FEACC061BDB03993E
:10AA2000029A049B0DF1800901EBCC0809EBCC09DB
:10AA30000DF5E07B4FEACC069246634400200021EE
:10AA4000002A80F298810AF1010A9A45EBE8020196
:10AA500009F10809F4D1039B049A009299190CABEF
:10AA600003EB8203043B08930CAB03EB82063746EF
:10AA70000B9ECDF824C08B46009A0DEBC203002A32
:10AA8000D3E970454FEAC2082CDD0DF5E07AD044D9
:10AA90000DF1300901960597714B00222046294699
:10AAA0000AF04AF80AF0F8FA09F0DCFF6D4B0022D0
:10AAB00006460F460AF040F802460B462046294655
:10AAC00009F082FE0AF0E8FA78E9022349F8040B5B
:10AAD0003946304609F07AFED04504460D46DBD1B2
:10AAE000019E059F45EC104B304600F091FB55EC64
:10AAF000104B00224FF07F53204629460AF01CF8E5
:10AB000041EC100B00F010FC574B51EC100B0022E5
:10AB10000AF012F802460B462046294609F054FE78
:10AB20000D4604460AF0B8FA824609F09BFF024639
:10AB30000B462046294609F047FE002E80468946EE
:10AB400040F39480009B0CAA591EC6F1180352F8DA
:10AB5000212042FA03F000FA03F3D21AC6F11704D7
:10AB600042FA04F40CAB002C43F82120824400F399
:10AB7000F08000220023404649460AF045FA0028AA
:10AB800000F02382009B049A93420CDD0CAA02EB96
:10AB90008303002253F8041DBB4242EA0102F9D1AB
:10ABA000002A40F01081049B0CAA013B52F823308C
:10ABB000009A501C8146002B40F0DB80089A01234C
:10ABC00052F8041D01330029FAD0009A1344009A68
:10ABD000099905960A440799019301EB000A0DF1C2
:10ABE0008008A39906970AF1804A08EBC20870AA68
:10ABF0000AF1FF3A02EBC00201EB8A0A00925AF80E
:10AC0000040F09F02FFF029B002BE8E8020120DB74
:10AC1000039E47460024002577E90223F6E8020157
:10AC200009F08AFF02460B462046294609F0CEFD70
:10AC30005E4504460D46EFD1009BE3E802450093D4
:10AC4000019B09F101099945D9DDDDE9056700930B
:10AC500012E700240025EFE788570100ABAAAA2AD3
:10AC60000000703E000070410000204057D0B64BFD
:10AC700000220AF0E7F9044600283FF47AAF009B6F
:10AC8000002B0AF1010AC8BF022440F384820CABF6
:10AC9000002153F8045B002D3CD0C5F1807543F8CA
:10ACA000045C6FF07F4003E01A68821A43F8042BBB
:10ACB000009A01318A42F7DC0125002E0EDD012EBB
:10ACC00000F02B81022E09D1009B5A1E0CAB0CA95F
:10ACD00053F82230C3F3150341F82230022C7FF4DD
:10ACE00048AF42464B469949002009F06DFD804629
:10ACF0008946002D3FF43DAF30469FED910B00F0AB
:10AD000087FA4046494653EC102B09F05DFD80461A
:10AD100089462EE7009A01318A42BADCCDE7009BD2
:10AD20000CAA013B52F82340E415002C7FF721AF19
:10AD3000009B002B0AF1010AA9DC022C7FF419AF59
:10AD400042464B468149002009F03EFD8046894637
:10AD50000FE7009B002B0AF1010A98DC012E00F09E
:10AD60002E82022EE9D10CABC2F3150243F821204A
:10AD7000E3E703462BE7CDE9003C52460596DA4669
:10AD8000CB469146039E5F460024002577E90223C7
:10AD9000F6E8020109F0D0FE02460B46204629469D
:10ADA00009F014FD464504460D46EFD1009B09F11C
:10ADB00001099945EAE802450BF1080BE2D1DDF8FB
:10ADC00004C0059E47E60B9BDDF800B0A3F1180216
:10ADD000CDE9024A0CAB0BF1FF340B9253F824304F
:10ADE00063B90BF18043013B0CA901EB830353F8DA
:10ADF000041D013C183A0029F9D00B929FED500B2D
:10AE00000B9800F005FA002C5BEC10ABC0F2CD8182
:10AE100004F101084FEAC8010DF5E0790CAB4C4F85
:10AE2000009103EB8805002609EBC80855F8040DCE
:10AE300009F018FE52465B4609F07EFE3B4668E983
:10AE4000020132465046594609F076FE0CAB9D424F
:10AE500082468B46EAD10099A1F1080A48ABCA4460
:10AE6000CDE905414FF000091A4607935346CA46FB
:10AE7000DDF81090A346B9F1000FC0F2A380CDE930
:10AE8000002BDFF8D0801F460026002400259B46BB
:10AE900010E0F7E80223F8E8020109F04DFE02464F
:10AEA0000B462046294609F091FC0136B14504467F
:10AEB0000D4601DB5645ECDD5B46009ADDF804B03B
:10AEC0000BF1FF3BBBF1FF3FE2E802450AF1010A4B
:10AED000A3F10803CFD1A29A079B022ADDE905411D
:10AEE00000F3A980002A37DC10D15C180020002173
:10AEF0001D4674E9022309F069FCAC42F9D1029BBA
:10AF0000002B40F02F810A9BC3E90001039B03F053
:10AF100007000DF5197DBDE8F08F009B5A1E0CABA4
:10AF20000CA953F82230C3F3160341F82230D5E6BA
:10AF300000216FF01703079145E500BFAFF30080D4
:10AF4000000000000000F03F0000E03F0000F03F84
:10AF50000000703E48570100D3E900895D180026C3
:10AF600000279A4675E902233046394609F02EFC3F
:10AF7000554506460F46F5D1029B40464946002BF3
:10AF800040F0E3803B46324609F01EFC0A9BC3E9D1
:10AF900000676CB14AAE0125F6E80223013509F0DD
:10AFA00015FCAC42F8DA029B13B101F100431946DB
:10AFB0000A9BC3E90201039B03F007000DF5197D0D
:10AFC000BDE8F08F002400257AE70B9EDDF800B085
:10AFD000704249EC108BCDE9024A00F019F955ECAA
:10AFE000104B884B0022204629460AF02BF80028F7
:10AFF00000F0A280844B00222046294609F09CFDE7
:10B000000AF04AF8074609F02DFD7E4B002209F0B0
:10B0100093FD0B4602462946204609F0D5FB0AF06F
:10B020003BF80BF101040CAB183643F82B000B96E0
:10B0300043F82470E2E6A29A032A7FF467AF002C5B
:10B0400000F0CB8003EBC40595ED007B52EC171BA1
:10B05000E600CDE90054CDE90465A8460C46154646
:10B06000994678E902672046294632463B4609F070
:10B07000ADFBA246AB4604460D4622462B46304663
:10B08000394609F0A1FB52465B4609F09FFBC845D3
:10B09000C8E90201C8E90045E3D1DDE900A4012CBB
:10B0A000DDE904654B4600F09880D5E90045CDE91F
:10B0B000006909F1080B7AE90289204629464246CF
:10B0C0004B4609F083FB26462F4604460D46224692
:10B0D0002B464046494609F077FB32463B4609F08D
:10B0E00075FBD345CAE90201CAE90045E3D1DDE9B0
:10B0F000006306F108041C4403F110050020002140
:10B100001E4674E9022309F061FBA542F9D13346DA
:10B11000D3E90045D3E90278029B3BBB0A9BC3E914
:10B120000401C3E90045C3E90278039B03F007006B
:10B130000DF5197DBDE8F08F2046294609F0ACFFDA
:10B140000CAB5C4643F82B0058E60A9A07F1004323
:10B15000536016603B46324609F036FB002C7FF404
:10B1600019AF22E701F100431946CCE6264605F166
:10B1700000440A9D08F10043C5E9027301F1004350
:10B18000C5E90403039B03F00700C5E900640DF55E
:10B19000197DBDE8F08F42464B461C49002009F05E
:10B1A00013FB022480468946E3E4A29B022B0FDCBA
:10B1B000002B15DC7FF4AAAE002000219FE60CAB2B
:10B1C000C2F31602022C43F821207FF4D2ACB7E57B
:10B1D000A29B032B7FF49AAE48AB0020002197E797
:10B1E000029BDDE9480133B10A9C00224FF0004385
:10B1F000C4E90023D9E60A9C00220023C4E9002305
:10B20000D6E600BF000070410000703E0000F03F35
:10B2100070B555EC104BC5F30A5206462B4672BB6F
:10B2200025F00043234329D03B4B204629460022EA
:10B2300009F082FC394B9E4204460D4652DBC1F3B5
:10B240000A520B46363A4CF250318E4223DC1644F9
:10B2500040F2FE7296421EDC002E34DC16F1350FF1
:10B2600038DB6FF31E53363643EA065520462C4B27
:10B270002946002209F060FC41EC100B70BD40F241
:10B28000FF718A42DFD122462046294609F09EFA04
:10B2900041EC100B70BD002D17A1D1E9000107DBB7
:10B2A00015A3D3E9002309F047FC41EC100B70BD56
:10B2B00013A1D1E9000110A3D3E9002309F03CFC5C
:10B2C00041EC100BF3E76FF31E5343EA065545ECD0
:10B2D000104B70BD002D0CA1D1E9000102DA0CA1C8
:10B2E000D1E9000108A3D3E9002309F025FC41ECD2
:10B2F000100B70BDAFF300809C7500883CE4377E76
:10B300009C7500883CE437FE59F3F8C21F6EA50116
:10B3100059F3F8C21F6EA58100005043B03CFFFFF7
:10B320000000903C0000000051EC100BC1F30A53E8
:10B330002DE9F041A3F2FF35132D0C46064622DC21
:10B34000002D41DB384B43FA05F801EA08030343BB
:10B350000F461DD032A3D3E9002309F037FA0022AB
:10B36000002309F079FE40B1002C03DA4FF480137A
:10B370002B411F4427EA080400262346324643ECAB
:10B38000102BBDE8F081332D06DDB5F5806F2BD095
:10B3900041EC100BBDE8F081A3F213434FF0FF37EF
:10B3A000DF403842F4D01EA3D3E9002309F00EFA9F
:10B3B0000022002309F050FE0028DED0002C334686
:10B3C00020DB23EA0706D8E715A3D3E9002309F019
:10B3D000FDF90022002309F03FFE0028CDD0002C0B
:10B3E00009DB00263446C8E702460B4609F0EEF9B1
:10B3F00041EC100BCEE724F0004426430DD14FF072
:10B400000044BAE7142D06D0C5F134050122AA4044
:10B4100013449E42D5D90134D3E7044C0026ACE74F
:10B420009C7500883CE4377EFFFF0F000000F0BFF2
:10B4300008B410B5002A9DB0044636DB4FF4027301
:10B44000ADF814304FF000031B930291069120AB2E
:10B4500017D0013A4FF6FF7104920792ADF816101B
:10B460001F9A019302A900F073FB421C01DA8B239F
:10B470002360029B00221A701DB0BDE8104001B08D
:10B4800070474FF6FF7104920792ADF816101F9A9D
:10B49000019302A900F05CFB431C01DA8B232360BB
:10B4A0001DB0BDE8104001B070478B2303604FF022
:10B4B000FF30F5E70CB410B5214B00291C689CB097
:10B4C00038DB4FF000034FF402721B93ADF81420E9
:10B4D000029006901FAB18D001394FF6FF7204910D
:10B4E0000791ADF8162002A91E9A0193204600F09C
:10B4F0002FFB421C01DA8B232360029B00221A706F
:10B500001CB0BDE8104002B070474FF6FF720491C6
:10B510000791ADF8162002A91E9A0193204600F06B
:10B5200017FB431C01DA8B2323601CB0BDE81040DD
:10B5300002B070478B2323604FF0FF30F5E700BF68
:10B54000B4000020830730B546D08418844604E058
:10B5500003F8011B9D0704D09C46A4456346F7D120
:10B5600030BD013A0244A2EB0C02032A29D9CCB225
:10B5700004EB04240F2A04EB04442FD9A2F1100C8D
:10B580002CF00F0C03F11005AC44C3E90044C3E9EF
:10B59000024410336345F8D112F00C0F02F00F0E85
:10B5A00018D02EF0030C9C44AEF104051A4642F864
:10B5B000044B6245FBD125F0030404330EF0030273
:10B5C0002344002ACCD0C9B21A4403F8011B934289
:10B5D000FBD130BD7246F4E70346C6E79646E0E786
:10B5E000024A12680123503200F002B8B400002071
:10B5F00018B370B586468C461EF8015B01E0A54283
:10B6000014D01CF8014B002CF9D1DDB176460C4664
:10B6100016F8015B00E063B114F8013B9D42FAD1DA
:10B620004DB100238EF80030166070BD6BB17046CE
:10B63000E0E7B646EAE72E46F6E710680028D8D1DC
:10B64000002070471560002070BDC2F800E0037054
:10B6500070BD00BF0123FFF7CBBF00BF014B1868CF
:10B66000704700BFB4000020000000000000000090
:10B6700000000000000000000000000000000000CA
:10B6800002780B78012A28BF9A4240F0D8806DE9F1
:10B69000044540EA0104CDE902676FF0000C4FEA6F
:10B6A00044721AB380EA010414F0070F6BD100F062
:10B6B000070420F0070004F0030521F007014FEA1A
:10B6C000C505F0E8042314F0040FF1E804670CFA50
:10B6D00005F462EA040266EA04060BD063EA040396
:10B6E000624667EA0407664604E000BFF0E8042308
:10B6F000F1E8046782FA4CF582EA0604A4FA8CF4B5
:10B700006CBB83FA4CF583EA0705A5FA8CF595B96D
:10B7100050E9022351E9026782FA4CF582EA0604F5
:10B72000A4FA8CF483FA4CF583EA0705A5FA8CF5A4
:10B730002543DBD09CB92DBAB5FA85F424F0070473
:10B7400027FA04F1DDE9026723FA04F303F0FF00AE
:10B7500001F0FF01FDE80445A0EB0100704724BAA9
:10B76000B4FA84F424F0070426FA04F1DDE9026750
:10B7700022FA04F202F0FF0001F0FF01FDE80445A7
:10B78000A0EB0100704714F0030F3CD110F003044C
:10B7900028D150F8082B51F8083B82FA4CF582EA80
:10B7A0000305A5FA8CF55DB950F8042C51F8043C5A
:10B7B00082FA4CF582EA0305A5FA8CF5002DE8D053
:10B7C0002DBAB5FA85F424F0070423FA04F122FA1D
:10B7D00004F202F0FF0001F0FF01FDE80445A0EBD8
:10B7E000010070474FEAC40420F0030050F8082B12
:10B7F00021F0030151F8083B0CFA04F462EA040258
:10B8000063EA0403C9E710F003041DD0A1EB0401AF
:10B8100020F00300E40750F8042B06D012D28B78F6
:10B820005FFAA2F4E41A06D12BB1CB785FFAB2F436
:10B83000E41A00D133B920465DF8104B7047A2EBF3
:10B840000300704701F1040150F8042BCC0721F0EC
:10B85000030151F8043B48D824D222F07F4482FAF5
:10B860004CF594EA1325A5FA8CF50AD165B951F87F
:10B87000043B84EA0204B4EB036F0ED150F8042BAE
:10B88000EBE74FEA132355E035F07F454DD10878BB
:10B89000FDE80445C0F1000070474FEA126203F072
:10B8A000FF0347E002EA1C4482FA4CF594EA134590
:10B8B000A5FA8CF50AD165B951F8043B84EA020473
:10B8C000B4EB034F0CD150F8042BEBE74FEA1343D2
:10B8D00030E015EA1C4528D10B884FEA124229E0D6
:10B8E0004FEA124203EA1C4324E002F0FF0482FA0A
:10B8F0004CF594EA1365A5FA8CF50AD165B951F8AF
:10B90000043B84EA0204B4EB032F09D150F8042B62
:10B91000EBE74FEA13630DE015F0FF0F05D10B685D
:10B920004FEA122223F07F4304E04FF00000FDE8CD
:10B930000445704712BA1BBA82FA4CF482EA030437
:10B94000A4FA8CF5B5FA85F402FA04F203FA04F3CA
:10B950004FEA1260FDE80445A0EB1360704700BF9A
:10B9600080EA0102844612F0030F4FD111F0030F59
:10B9700032D14DF8044D11F0040F51F8043B0BD0B7
:10B98000A3F101329A4312F0803F04BF4CF8043B0C
:10B9900051F8043B16D100BF51F8044BA3F101321A
:10B9A0009A4312F0803FA4F101320BD14CF8043BD2
:10B9B000A24312F0803F04BF51F8043B4CF8044B03
:10B9C000EAD023460CF8013B13F0FF0F4FEA332374
:10B9D000F8D15DF8044B704711F0010F06D011F853
:10B9E000012B0CF8012B002A08BF704711F0020F41
:10B9F000BFD031F8022B12F0FF0F16BF2CF8022B2C
:10BA00008CF8002012F47F4FB3D1704711F8012B4E
:10BA10000CF8012B002AF9D1704700BF844641EA97
:10BA2000000313F003036DD1403A41D351F8043BB6
:10BA300040F8043B51F8043B40F8043B51F8043B08
:10BA400040F8043B51F8043B40F8043B51F8043BF8
:10BA500040F8043B51F8043B40F8043B51F8043BE8
:10BA600040F8043B51F8043B40F8043B51F8043BD8
:10BA700040F8043B51F8043B40F8043B51F8043BC8
:10BA800040F8043B51F8043B40F8043B51F8043BB8
:10BA900040F8043B51F8043B40F8043B51F8043BA8
:10BAA00040F8043B51F8043B40F8043B403ABDD217
:10BAB000303211D351F8043B40F8043B51F8043BB9
:10BAC00040F8043B51F8043B40F8043B51F8043B78
:10BAD00040F8043B103AEDD20C3205D351F8043B48
:10BAE00040F8043B043AF9D2043208D0D2071CBF14
:10BAF00011F8013B00F8013B01D30B88038060463D
:10BB0000704700BF082A13D38B078DD010F00303B2
:10BB10008AD0C3F10403D21ADB071CBF11F8013B22
:10BB200000F8013B80D331F8023B20F8023B7BE771
:10BB3000043AD9D3013A11F8013B00F8013BF9D29C
:10BB40000B7803704B7843708B7883706046704736
:10BB50002DE9F04FD7B00C46069115460A9383465F
:10BB600002F0FEFF03681393184603F009F9002161
:10BB70001290082226A8FFF7E5FCA389190603D531
:10BB80002369002B01F0AE809FED777B00239E465A
:10BB9000CDE916EE8DED0E7BCDE92B332DAB2A933F
:10BBA0001C46CDF850E0CDF854E0CDF810E0CDF8CB
:10BBB00034E02F463D466E4BD3F8E46002F0BCFF04
:10BBC00026AA0346009222A92A465846B0470028D2
:10BBD00000F09880C0F28E80229A252A034601D078
:10BBE0001D44E8E7B5EB0708064640F08F800023C8
:10BBF0004FF0FF328DF87F309A46059301352B7850
:10BC0000039201359946A9F120035A2B00F2B28024
:10BC1000DFE813F04402B000B0004002B000B00012
:10BC2000B0002302B000B000EE01FD01B000F90148
:10BC30000602B00002025B005B005B005B005B0081
:10BC40005B005B005B005B00B000B000B000B000C8
:10BC5000B000B000B0002501B0007C010203250156
:10BC600025012501B000B000B000B000FE02B00018
:10BC7000B0004E02B000B000B000B901B000A402A4
:10BC8000B000B000C007B000B000B000B000B0001D
:10BC9000B000B000B0002501B0007C0167012501B3
:10BCA00025012501220367016C00B0003B03B000B1
:10BCB0002C03700345036C00B000B9016A00DD027B
:10BCC000B000B0003008B0006A00A9F130030022D3
:10BCD00015F8019B02EB820203EB4202A9F130034B
:10BCE000092BF5D905928EE72B788AE72B784AF055
:10BCF000200A86E70822002126A8FFF723FC01235B
:10BD00001D4458E7B5EB0708064612D0DDF8ACE055
:10BD10002C9B0EF101024344072AC4E900782C93BE
:10BD20002B9215DC0834049B43440493002E7FF4CB
:10BD30005EAF2C9B002B41F06883069B9B8903F030
:10BD40004003002B41F0C587049857B0BDE8F08F41
:10BD500006992AAA584601F0F3FF0028EDD12DAC30
:10BD6000E1E700BFAFF3008000000000000000002A
:10BD7000EC020020B9F1000FDBD00023CDE90B333A
:10BD800001228DF8F4908DF87F3007930892039389
:10BD900011933DAF02922C9E10961AF0840300F08E
:10BDA000E4809DF87F2002B32B984FF0000801300B
:10BDB00001220136626007280DF17F02CDE92B06D2
:10BDC000226000F302840834B8F1000F0DD02B98E4
:10BDD000013020AA0236226007284FF00202CDE986
:10BDE0002B06626000F3E5830834802B00F0EC82C0
:10BDF000039B089AA3EB0208B8F1000F00F3298314
:10BE00001AF4807F40F08982089B63601E442B9B5C
:10BE100027600133072B2C962B9300F37283083491
:10BE20001AF0040F05D0059B029A9F1A002F00F309
:10BE3000DA83DDE9043202998A42ACBF9B185B18B1
:10BE40000493002E40F03D8300232B93079B1BB1EE
:10BE50000799584604F03EF92DAC2F46AAE60A9BF6
:10BE6000073323F00703B3EC027B8DED0E7B0A93BF
:10BE70000F9B8DED1A7A23F000431B93DDE91A0125
:10BE8000B34B4FF0FF3209F0F1F8002840F028865C
:10BE9000DDE91A01AE4B4FF0FF3209F0C9F8064652
:10BEA000002840F01D86DDE90E01002200232AF063
:10BEB000800A09F0B3F8002841F0F1819DF87F3045
:10BEC000B9F1470FCCBFA34FA34F002B41F0DF8543
:10BED0000322CDE90B330793089203931193029247
:10BEE00059E71AF0200F40F0B3850A9A1AF0100FA4
:10BEF00052F8046B41F01B871AF0400F0A9201F0D0
:10BF0000168146F3C038434636B295E10A9BB9F133
:10BF1000430F03F1040603D01AF0100F00F0BB86A4
:10BF20000822002128A8FFF70DFB0A9B3DAF1A68E5
:10BF3000394628AB584605F087FE03460133089082
:10BF400001F0C286089B23EAE37302930023CDE944
:10BF50000B330A968DF87F302C9E07930393119331
:10BF60001AF0840310967FF41CAF059A0298A2EB96
:10BF70000008B8F1000F00F314849DF87F20002A18
:10BF80003FF436AF10E7DDF8288058F8047B002333
:10BF90008DF87F30002F00F09486B9F1530F01F037
:10BFA00013801AF010030B9341F00E80039B002BBB
:10BFB000C1F219821A460B99384602F079FE9DF8B3
:10BFC0007F300790002801F0CB85079AD21B08929A
:10BFD00022EAE27202920BB1013202920B9BCDF87F
:10BFE0002880039311930C9307934FF07309D2E6C3
:10BFF0000A9B53F8042B0592002A80F21385059AB8
:10C000000A93524205922B784AF0040AF9E52B2351
:10C010008DF87F302B78F4E52B784AF0800AF0E534
:10C02000294611F8019BB9F12A0F01F04286A9F1C6
:10C030003003092B98BF002201F20C8411F8019BF8
:10C0400002EB820203EB4202A9F13003092BF5D97E
:10C0500042EAE27303930D46D5E5584602F080FDAF
:10C0600043681593184602F08BFE17900646584613
:10C0700002F076FD82682B781692002E3FF4C1AD57
:10C08000002A3FF4BEAD1278002A3FF4BAAD4AF45C
:10C09000806AB6E52B784AF0010AB2E59DF87F2068
:10C0A0002B78002A7FF4ADAD20228DF87F20A8E503
:10C0B0001AF0200F4AF0100000F0BC840A9B0733EE
:10C0C00023F007031A46596852F8083B0A920022E7
:10C0D0008DF87F20039A002A18DB53EA010220F42E
:10C0E000906A15D1039A9AB910F001031A46029387
:10C0F00000F00B8730238DF85731039B0892CDE970
:10C100000B33119307930DF2571744E620F4806A1E
:10C1100056AF03F00702DB0843EA4173C908303227
:10C1200053EA0106384607F8012DF2D11AF001034F
:10C130000B9340F01E830399119356AAD21B914290
:10C14000B8BF1146089202910C93079323E600BFF3
:10C15000FFFFEF7F9C570100985701001AF0200F56
:10C160004AF0100138D10A9B1A1D0A9B03981B68DC
:10C170004FF0000840458DF87F801E46C0F27C8558
:10C1800021F0800A002B00F08B840A920A2E78F1AD
:10C19000000380F0B28306F13003DBB2039A8DF81E
:10C1A0005731012AB8BF012202929DF87F30012247
:10C1B00008920DF25717002B01F07585029B013391
:10C1C00002930023CDE90B3307931193E3E51AF0B3
:10C1D000200F00F04E8451460A9B073323F00703DB
:10C1E0001A46D3F8048052F8086B0A9200238DF89F
:10C1F0007F30039B002BC0F2408556EA080321F0F4
:10C20000800AC3D1039B002B00F04F840026C2E7B5
:10C210002B784AF0080AF4E41AF0200F4AF01003D1
:10C2200000F019840A9A073222F007029A465368EE
:10C2300052F8086B0A929846002BC0F24D83039A7D
:10C24000002AA3DB56EA08032AF0800A9ED1002ABE
:10C2500001F055803023A1E72B78682B03BF6B7862
:10C260004AF4007A01354AF0400ACAE40A9A1AF000
:10C27000200F02F1040300F0218412680499116078
:10C28000C91751600A932F4694E42B786C2B03BF97
:10C290006B784AF0200A01354AF0100AB1E40A9A94
:10C2A000039F52F8040B002147F630038F42ADF88C
:10C2B00080308DF87F100346C0F2E2842AF08006B9
:10C2C00046F0020A002840F0DD84002F01F01E80B5
:10C2D0000A92302301220297CDE907020C908DF8D3
:10C2E00057310DF2571711904FF078090B90844693
:10C2F00000F0A5BC1AF0200F40F0B8830A9A1AF09B
:10C30000100152F8043B41F00F851AF0400000F094
:10C31000EF869BB20A925046D9E6B9F1650F40F319
:10C32000FA80DDE90E010022002308F06DFE0028EE
:10C3300000F09D812B9BB24A22600133013601221D
:10C34000072B2C962B93626000F332860834219BD6
:10C350000D9A934280F26183129B139A1E44C4E9A2
:10C3600000232B9B2C960133072B2B9300F39D84EA
:10C3700008340D9B5F1E002F7FF752AD102F2B9BB3
:10C3800041F31C849F49DDF81890109132464FF01C
:10C3900010080E4604E00834103F102F40F3A6802A
:10C3A00001331032072BC4E90068CDE92B32F2DDEE
:10C3B0002AAA4946584601F0C3FC002840F089806B
:10C3C000DDE92B322DACE7E7059B029AA3EB0208CF
:10C3D000B8F1000F7FF70CAD8A4B2B9A1093B8F190
:10C3E000100F29DD21463046864C2E461023069D2F
:10C3F00006E0A8F11008B8F1100F01F1080118DDEE
:10C4000001321030072AC1E90043CDE92B20F0DDCD
:10C410002AAA2946584601F093FC002859D1A8F1D0
:10C420001008B8F1100FDDE92B202DA94FF01003F3
:10C43000E6DC35460C4606460132109B2360464436
:10C44000072ACDE92B26C4F8048000F304860834BB
:10C45000CEE46C4B2B9A1093B8F1100F24DD2146DB
:10C460001023069C06E0A8F11008B8F1100F01F1A6
:10C47000080118DD013263481036072AC1E90003BC
:10C48000CDE92B26EFDD2AAA2146584601F058FCBB
:10C49000F8B9A8F11008B8F1100FDDE92B262DA985
:10C4A0004FF01003E6DC0C460132109B236046443B
:10C4B000072ACDE92B26C4F8048000F30182083452
:10C4C0009EE406992AAA584601F03AFC00283FF457
:10C4D000BBAC079B002B3FF430AC0799584603F0E8
:10C4E000F9FD069B9B8903F040032AE416460133BD
:10C4F000109A22603E44072B6760CDE92B367FF708
:10C500008EAC06992AAA584601F01AFC0028E0D100
:10C510002C9E2DAC84E42B9B03F101080D9B012B79
:10C5200006F1010604F1080940F385810123B8F101
:10C53000070FCDE92B862760636000F35482129BBE
:10C54000139A08F101081E44B8F1070FC9E9002346
:10C55000CDE92B8600F3548209F108090D9BDDE932
:10C560000E015C1E0022002308F04EFD002840F062
:10C570007C8108F1010801372644B8F1070FCDE9A5
:10C580002B86C9F80070C9F8044000F3618109F1F5
:10C590000809149AC9F8042008F101031644072B6E
:10C5A00024AACDE92B36C9F80020AADC09F1080439
:10C5B00036E4069910932AAA584601F0C1FB0028D8
:10C5C00087D12C9E109B2DAC0FE4069910932AAABC
:10C5D000584601F0B5FB00287FF47BAF2C9E109BE2
:10C5E0002DACFFF7F1BB084A2B9B1092102F29DDD1
:10C5F000AA46DDF818904FF0100815460BE000BF72
:10C60000D8570100345A0100445A0100103F102F3E
:10C6100004F1080415DD01331036072BC4E9005876
:10C62000CDE92B36F2DD2AAA4946584601F088FBAF
:10C6300000287FF44EAF103F102FDDE92B362DACD4
:10C64000E9DC55460133109A3E44072BC4E9002724
:10C65000CDE92B367FF7EDAB06992AAA584601F0B3
:10C660006FFB00287FF435AF2C9EFFF7E2BB2199CA
:10C67000002940F353840B9B0D9A9342A8BF1346A5
:10C68000002B99460ADD1E44C4E900732B9B2C96AF
:10C690000133072B2B9301F3848008340B9BB9F1F2
:10C6A000000FA8BFA3EB0903002B984600F32983D2
:10C6B0000B9B1AF4806F3B4440F04C83219A0D99F8
:10C6C0008A4203DB1AF0010F00F02D8612991398AD
:10C6D0000E44C4E900012B992C96013107292B91B6
:10C6E00001F36B8008340D9907EB0108A8EB0308F0
:10C6F0008F1AB845A8BFB846B8F1000F0BDD23600C
:10C700002B9BC4F8048001334644072B2C962B93B3
:10C7100001F3A5800834B8F1000FA8BFA7EB080704
:10C72000002F7FF77DAB102F2B9B41F34782C5492C
:10C73000DDF81890109132464FF010080E4604E0D4
:10C740000834103F102F7FF7D1AE01331032072B82
:10C75000C4E90068CDE92B32F2DD2AAA49465846E1
:10C7600001F0EEFA00287FF4B4AEDDE92B322DACF7
:10C77000E7E7302A00F052843023039907F8013CA0
:10C78000023856AB1B1A99424FF00002B8BF194647
:10C79000CDE90B2207920893074602911192FFF709
:10C7A000FABADDF8ACE0A84810991090B8F1100F73
:10C7B000724628DD1C952046A34D069C1D9310262D
:10C7C00006E0A8F11008B8F1100F00F1080017DD1D
:10C7D00001321031072AC0E90056CDE92B21F0DDE6
:10C7E0002AAA2146584601F0ABFA00287FF471AE20
:10C7F000A8F11008B8F1100FDDE92B212DA8E7DC16
:10C800001C9D1D9B044610982060501C08EB0106DF
:10C810000728CDE92B06C4F8048000F3A4839DF813
:10C820007F200834002A40F00181002B3FF4E0AA69
:10C830001346FFF7CDBA1AF0010F7FF477AE01234C
:10C84000B8F1070FCDE92B86276063607FF7A1AEB3
:10C8500006992AAA584601F073FA00287FF439AEE7
:10C86000DDE92B860DF1B40993E60D9B012B7FF7D3
:10C8700090AE112B41F30E8272491091324643461D
:10C880001027DDF818800E4605E009F10809103C74
:10C89000102C40F31B8401331032072BC9E90067C9
:10C8A000CDE92B32F1DD2AAA4146584601F048FA7B
:10C8B00000287FF40EAEDDE92B320DF1B409E6E776
:10C8C00006992AAA584601F03BFA00287FF401AEE7
:10C8D0002C9E2DACFFF794BA2D238DF87F30039B4F
:10C8E000764268EB4808002BFFF650AC0A2E78F130
:10C8F00000032AF0800AFFF44EAC0AF480630022A1
:10C90000CDE9074956A9DDF85890029594461C4692
:10C9100026E016EB08034D4843F10003A0FB03207B
:10C9200020F0030202EB90029B1AF31A47484FF0E3
:10C93000CC32B646454602FB03F268F1000800FB24
:10C940000822A3FB0063BEF10A0F13444FEA560608
:10C9500075F10005394646EAC3764FEA53082DD3F0
:10C960003A4D16EB080343F10003A5FB032020F02A
:10C97000030202EB90029B1AF31AA3FB053268F143
:10C9800000005B0805FB002243EAC27303EB83034C
:10C99000A6EB430330330CF1010C01F8013C4F1EB0
:10C9A000002CB6D099F800306345B2D1BCF1FF0F2E
:10C9B000AFD00A2E78F1000380F0D28356AB0399F2
:10C9C000029DCDF85890DB1B1A469142B8BF114624
:10C9D000DDF82090079C0893CDF834C09DF87F3097
:10C9E0000291FFF7E8BB06992AAA584601F0A8F978
:10C9F00000287FF46EADDDE92B860DF1B4099EE5CC
:10CA000006992AAA584601F09BF900287FF461ADE7
:10CA1000DDE92B860DF1B409A0E51AF0010F3FF412
:10CA2000FFA999E40A932B78FFF7EBB89846002307
:10CA3000FFF7BDB90A9B1A1D0A9B0A921B680021C9
:10CA4000FFF745BB345A0100445A0100CDCCCCCC91
:10CA50005346FFF7E7BB0A9A04320A990A920E6816
:10CA60004FEAE6789A464346FFF7E6BB5046FFF7A3
:10CA700025BB0A9A1AF0100852F8043B41F0518184
:10CA80001AF0400100F03D839EB2039B8DF87F8039
:10CA9000002BFFF67AAB2AF0800A002E7FF475ABEC
:10CAA000039B0A92002B7FF4B1ABCDE90B330893C3
:10CAB00011930293079356AFFFF76DB91AF0100F59
:10CAC00040F0D5821AF0400F40F087841AF4007FBE
:10CAD00000F0CD820A9A049912681170FFF7D2BB58
:10CAE000DDE90E0102460B4608F0C0FA06460028B2
:10CAF00040F0B687B9F1610F00F04285B9F1410FFE
:10CB000000F0C486039B013300F0A784B9F1670FDE
:10CB10000F9B4AF4807800F06887B9F1470F00F066
:10CB200064870790DDE90E12002AC0F27A879DED36
:10CB30000E7B8DED187B00231093A9F14103252B6B
:10CB400000F20884DFE813F0160706040604060462
:10CB50009004FB0406040604060406040604060406
:10CB60000604060406040604060406040604060475
:10CB70000604060406040604060406040604060465
:10CB80000604060406040604160706040604060442
:10CB90009004FB04B64E1AF0200100F092810A9B2B
:10CBA000073323F007031A46596852F8083B0A92E4
:10CBB0001AF0010200F0648153EA010200F0E881FA
:10CBC00030228DF8802000228DF87F20039A8DF886
:10CBD0008190002AC0F28F812AF4906242F0020A0A
:10CBE00003F00F020AF00200B25C8DF857211B0916
:10CBF00043EA01730A0953EA11110DF257170BD0DA
:10CC000003F00F011B09715C07F8011D43EA027371
:10CC1000120953EA0201F3D1039A56AB4FF0000C0C
:10CC2000DB1B9A42CDE90BCCB8BF1A46089302929F
:10CC3000CDF81CC0CDF844C000283FF4ACA8029B3E
:10CC4000DDE92B06023302931AF084031096864620
:10CC500006D10599029AA1EB0208B8F1000F07DC92
:10CC6000BCF1000F3FF4B4A84FF00208FFF79FB8E3
:10CC7000022398E57F4E8EE70A928A46FFF786BA2E
:10CC80004AF0020A0A927B4E03F00F020220B25CC5
:10CC90004FF07809A9E70A9B1B688DF8F43001234F
:10CCA000029308933DAFFFF751B906992AAA584657
:10CCB00001F046F800287FF40CAC2C9E2DACFFF759
:10CCC00058BB039BCDF82880062B3A4628BF062385
:10CCD000CDE907730397CDE90B22674F02931192B9
:10CCE000FFF759B84021584603F034FB069B186003
:10CCF0001861002801F00680069A40235361FEF770
:10CD000043BFB8F1100F2B9B40F3C0875B481090D6
:10CD100022463146069C4FF01009064606E00832CE
:10CD2000A8F11008B8F1100F40F3A98201331031B7
:10CD3000072BC2E90069CDE92B31F0DD2AAA214693
:10CD4000584600F0FDFF00287FF4C3ABDDE92B312E
:10CD50002DAAE5E70D9ADDF84480CDF840A0BA1879
:10CD6000039222461C460C9BDDF85890DDF818A073
:10CD70000B95002B31461197179E31DDB8F1000F4E
:10CD800040F3108108F1FF382B98159B0130314496
:10CD90000728C2E900362C912B9000F3A1800832BD
:10CDA000039B99F800001F1B8742A8BF0746002F6E
:10CDB0000CDD2B98013039440728C2E900472C913B
:10CDC0002B9000F33B8199F800000832002FACBF94
:10CDD000C51B0546002D15DC04440C9B002BCDDC47
:10CDE000B8F1000FCEDC2346119F0B9DDDF840A06B
:10CDF000CDF8589014460D9ABA1893420E4628BFA3
:10CE000013465BE4102D2B981C4B23DD0894102750
:10CE10002C461D4604E0103C102C02F1080216DDE1
:10CE20000130164B10310728C2E90037CDE92B013C
:10CE3000F1DD2AAA5146584600F082FF00287FF40F
:10CE400048AB103C102CDDE92B012DAAE8DC2B4669
:10CE50002546089C1360013029440728CDE92B01A1
:10CE6000556000F37A8399F8000008320444B4E76F
:10CE7000BC570100A8570100D0570100345A0100E7
:10CE80008DF87F20039A002A37DB53EA01022AF447
:10CE9000906A7FF4A5AE039A002A00F0EE80012A82
:10CEA00033788DF85731B8BF012200230292012256
:10CEB000CDE90B330793089211930DF25717FEF744
:10CEC0006ABF0A9A52F8043B0A921AF010027FF4E1
:10CED0006FAE1AF0400000F035819BB2114667E654
:10CEE0002AAA5146584600F02BFF00287FF4F1AAE9
:10CEF0002C992DAA54E74AF0020A03F00F020AF017
:10CF00000200B25C2AF4806A6FE6039B0893CDE9C5
:10CF10000B331193079356AFFEF73DBF2B9BB54ADA
:10CF20002260013301360122072B2C962B9362607D
:10CF300000F3C9810834002940F0A9800D9A0AF055
:10CF4000010313433EF46CAF129B139A1E44C4E9D1
:10CF500000232B9B2C960133072B2B9300F370821D
:10CF600004F10802A4E0069910932AAA584600F09A
:10CF7000E7FE00287FF4ADAA9DF87F202C9E109B31
:10CF8000002A7CD098462DAC03462B98FEF70FBFA5
:10CF9000039B002083428DF87F00C0F2D9802AF4E1
:10CFA000906A78E70C9B013B09F1FF390C93EBE6A3
:10CFB00006992AAA584600F0C3FE00287FF489AAE1
:10CFC0002C9E2DACFFF7C3B90822002128A8239777
:10CFD000FEF7B8FA039B002BC0F2108100260295E1
:10CFE000CDF81C80354698460EE03DA9584604F021
:10CFF0002BFE411C284400F02185404509DC06F148
:10D00000040600F026850546239A925928AB002A8B
:10D01000EBD10895DDF81C80029DFDE0039956AA2E
:10D02000D21B91424FF00003B8BF1146CDE90B333C
:10D030000793089202911193FEF7ADBE2AAA5146BA
:10D04000584600F07DFE00287FF443AA99F80000BE
:10D050002C992DAABAE606992AAA584600F070FE25
:10D0600000287FF436AA2C9E2DACFEF7C1BE0A9A8A
:10D07000049912681160FFF705B9039B15E5002BB1
:10D0800000F05B812B9813462DACFEF7A1BE129BDE
:10D09000139A1E44C4E900232B9B2C960133072BC3
:10D0A0002B9300F3CD8104F108020029C0F22A84F9
:10D0B0000D99176001330E44072BCDE92B365160D3
:10D0C0003FF71FAA02F10804FEF7AABE16469846CB
:10D0D00008F10108109BC9F800302644B8F1070F89
:10D0E000CDE92B86C9F804407FF751AAFFF7B0BB02
:10D0F0001AF400711CBF0146DBB20A925046FEF7DB
:10D10000E6BF1AF4007840F01B8103998DF87F8008
:10D1100000291E46FFF639A82AF0800A002B7FF46A
:10D1200034A80B460A9200297FF470A8BDE41AF4D3
:10D13000007F16BF46F3C0184FEAE67876B2434642
:10D14000FFF77AB81AF400711CBFDBB201462FE575
:10D1500033788DF857312AF4806A0DF257175BE562
:10D16000179A1599BF1A384600F0F0FF99F8013068
:10D170000BB109F10109204A16EB080343F1000342
:10D18000A2FB030525F0030000EB95001B1AF31A20
:10D190004FF0CC3168F1000803FB01F102FB0811EC
:10D1A000A3FB023001445B0843EAC1764FEA510811
:10D1B00016EB080343F10003A2FB031020F0030168
:10D1C00001EB90015B1AF31AA3FB023168F1000036
:10D1D0005B0802FB001243EAC27303EB8303A6EB76
:10D1E0004303303307F8013C4FF0010C013FFFF7D8
:10D1F000D9BB00BFD8570100CDCCCCCC28AB009315
:10D200000023194623AA584604F070FD0346013353
:10D21000089000F013842397089B002B5FD0632BAA
:10D2200040F3FE80591C584603F094F80746002846
:10D2300000F05D8507900822002128A8FEF782F9FA
:10D24000089E28AB009323AA33463946584604F07B
:10D250004DFD864240F04585089A0023BB5422EAE2
:10D26000E27202929DF87F20002A40F07083CDE99F
:10D270000B220392CDF828801192FEF78CBD144644
:10D280000E460133109A22604644072BCDE92B3617
:10D29000C4F8048000F3C8800834FFF709BA2D23CE
:10D2A000B9F1470F8DF87F3007963346039600F3A8
:10D2B000A8800322B04F0892CDE90B3311930423C9
:10D2C0000293FEF768BD06992AAA584600F038FD79
:10D2D00000287FF4FEA821992C9E2DAC2BE69DF80A
:10D2E0007F30CDF82880003B18BF01230293089BB4
:10D2F0000393CDE90B3311930793FEF74CBD9DF8D3
:10D300007F300292089256AFFEF755BF039B0A92F8
:10D310000C93119308930B93029356AF07934FF01E
:10D3200078099C468BE407EB0108A8EB03088F1AE9
:10D33000B845A8BFB846FFF7EEB92DACFEF758BD0B
:10D34000DEB2039B8DF87F10002B8846BFF6A3AB9F
:10D35000FEF71BBF28AB019323AB00939DED180B89
:10D36000039A21AB0221584601F03EFE07461AF00F
:10D37000010F40F0B782289BDA1B219B0D92D81C2D
:10D380000B93C0F2298203999942C0F2B8819A4264
:10D3900000F3AD820B9B08931AF4806F03D00B9BB4
:10D3A000002B00F3A083089B23EAE373C246029399
:10D3B0004FF06709002311930C93109B0AF00200B1
:10D3C000002B00F0C0804FF02D0C8DF87FC0029B29
:10D3D00001330293002303932EE40A9A04991268FE
:10D3E0001180FEF74FBF384601F0CAFC9DF87F3030
:10D3F000089020EAE0720292002B3EF4EFADFEF7B7
:10D40000EBBD03225D4F089256E7069C2AAA2146EF
:10D41000584600F095FCA38903F04003FEF791BC49
:10D42000002307933DAF06E706992AAA584600F065
:10D4300087FC00287FF44DA82C9E2DACFFF738B94F
:10D4400006992AAA584600F07BFC00287FF441A8E0
:10D45000DDE92B3621992DAA27E6062307900393B1
:10D460004AF48078FFF75EBB039B01330D930221E2
:10D470000D9E28AB019323AB0093324621AB9DED6B
:10D48000180B584601F0B0FD29F02003462B074643
:10D490000293064400F05281DDE9180100220023C6
:10D4A00007F0B2FD002840F00F83289B9E4240F217
:10D4B00009834522029230215A1C28921970289B18
:10D4C000B342F9D3DB1B0D93219B0B93029B472B9C
:10D4D00000F00E81029B462B00F049810B9B8DF8DA
:10D4E0009090013B002B2193C0F27D812B22092BD0
:10D4F0008DF8912000F3808130228DF892200DF17B
:10D500009302303302F8013B24ABD31A14930D9BE2
:10D51000149A012B1A44089240F38B82089B129AAA
:10D5200013440893089A2AF4806343F4807A22EA29
:10D53000E2720023CDE90B33119302923DE7039B86
:10D540000D93032194E79DF87FC0BCF1000F7FF499
:10D550003EAF109B0393FFF76FBB2AAA5146584674
:10D5600000F0EEFB00287EF4B4AF99F800002C998F
:10D570002DAA044431E400BF985701009C570100D4
:10D5800047F63003ADF88030039B632B4AF0020A64
:10D5900000F30E82DDE90E12002AC0F2E38121A819
:10D5A0009DED0E0B01F058FC002251EC100B4FF0DA
:10D5B0007F5307F0C1FA02460B46CDE9082300234A
:10D5C000002207F021FD0346002800F0D982012344
:10D5D000109621933DAF0796A84B0293039B0B94A3
:10D5E000591ECDE90C9A0395029EDDE90845B8461F
:10D5F0008A4609E0002200230AF1FF3907F004FD02
:10D60000002840F04A82CA469D4B00222046294607
:10D6100007F092FA0D46044607F03EFD814607F0FA
:10D6200021FA02460B462046294607F0CDF816F8A7
:10D630000930BAF1FF3F4246044608F8013B0D4667
:10D64000D8D116468F4BDDF834A00022CDE908452D
:10D65000039D0B9CCDF80C90DDF8309007F0FCFC9E
:10D6600048B9DDE90801874B002207F0CDFCE0B1A5
:10D67000039BDB0719D5029B2896D97B18F8012C50
:10D680009142434609D1302003F8010C289B5A1ED1
:10D69000289213F8012C8A42F6D0392A0BBF029A3D
:10D6A0000132927AD2B203F8012C219AA8EB070337
:10D6B0000D93B9F1610F02F1FF33219300F0B782AE
:10D6C00050214FF04109002B8DF89010C0F28D824F
:10D6D0002B22092B8DF8912000F38E800DF1920200
:10D6E0000FE7219B0B93F31B0D93029B472B3ED11E
:10D6F0000B9B033370DB039B0B9A934210DA0B9B5B
:10D70000013BA9F10209002B8DF890902193BFF6FF
:10D71000EDAE0B9B2D22C3F101038DF89120EBE6BA
:10D720000D9B0B9A934200F3E2801AF0010F0B9BC2
:10D7300000F02482129A134408932DE63B78302B94
:10D7400000F0C581219B1E44DDE918010022002361
:10D7500007F05AFC0028C4D1289B9E423FF6ABAE8E
:10D76000DB1B0D93219B0B93029B472BC0D00B9986
:10D77000039A0AF00103002943EA020340F362829C
:10D78000002B40F0D9810B9B08934FF066091AF4E7
:10D79000806F40F0AA81089B23EAE373C24602939C
:10D7A00008E606992AAA584600F0CAFA00287EF42C
:10D7B00090AE2C9E2DACFEF771BF069903932AAA5A
:10D7C000584600F0BDFA00287EF483AE219A2C9EC4
:10D7D000039B2DACFEF787BF0B9BA9F10209013B10
:10D7E0008DF8909021930B9BC3F101032D22092BFF
:10D7F0008DF891207FF780AE0DF1A706DFF888C085
:10D8000032461046ACFB0312D20802EB8201A3EBB6
:10D810004101303100F8011C19466329134600F11B
:10D82000FF32EEDC303302F8013C831EB34280F05D
:10D830001F820DF1910213F8011B02F8011FB34280
:10D84000F9D103F5AC736B44C43B1B1A24AA9B1A91
:10D8500014935CE600230D460393FEF7D4B90699B2
:10D860002AAA584600F06CFA00287EF432AE219FB6
:10D870000D9B2C9EDF1B2DACFEF74DBFA857010062
:10D88000000030400000E03FCDCCCCCC45F630036A
:10D89000ADF88030039B632B4AF0020A00F38880C6
:10D8A000DDE90E12002A5DDB21A89DED0E0B01F0D3
:10D8B000D3FA00224FF07F5351EC100B07F03CF9E4
:10D8C00002460B46CDE908230022002307F09CFB0B
:10D8D00008B1012321930023AC4A109302920793CD
:10D8E0003DAF7BE6039BFE18472302932CE70D9B7D
:10D8F000129A9A180B9B0892002B40F326814FF046
:10D90000670944E7C1F10008103180F2E781A048BF
:10D91000109031461024064605E00832A8F11008A0
:10D92000B8F1100F52DD01331031072BC2E900644A
:10D93000CDE92B31F1DD06992AAA584600F000FA0C
:10D9400000287EF4C6ADDDE92B312DAAE6E7029A68
:10D9500003930132CDE90B330292CDF82880119365
:10D96000FEF719BA02F1004319932D231891079677
:10D970003DAF109321A89DED180B01F06DFA002228
:10D980004FF07F5351EC100B07F0D6F802460B46D0
:10D99000CDE908230022002307F036FB08B101235C
:10D9A0002193B9F1610F3FF417AE784B029315E65E
:10D9B000039B5846591C02F0CDFC0746002800F096
:10D9C000838107904AF48078FFF7ACB80E460133A4
:10D9D000109911604644072BCDE92B36C2F804801C
:10D9E00000F30D810832FFF763BB039A002A00F0B1
:10D9F0001381002BC0F21D819DED0E7B8DED187BF8
:10DA0000109628AB019323AB00939DED180B21AB2F
:10DA1000039A0221584601F0E7FA002307460793CC
:10DA2000A5E402F1004319932D2318911093FFF7F9
:10DA300084B81AF0010F3FF475AD6FE5069BB3F99A
:10DA40000C300022079243F04003069A9381FEF7C0
:10DA500040BD039B029DDDF81C800893FFF7DCBBF3
:10DA60000F9B13F000432AF0800A0B9300F0AA806A
:10DA70002D238DF87F30B9F1470F4FF00003079346
:10DA8000039340F30B810322424F089214E40023D6
:10DA90000322CDE9073203930EE451460029DDE964
:10DAA0000C9A039D0B9CFFF600AE4A1C4244434671
:10DAB000302003F8010B9342FBD108EB010303F183
:10DAC0000108F2E5DB1B0D93219B0B9306E5DDE9D5
:10DAD00018010022002307F097FA002869D0219B43
:10DAE0000B931E44FFE54FF0670916990B78FF2B47
:10DAF00000F0048100260B9A304603E0013001312A
:10DB0000FF2B08D0934206DAD21A4B78002BF5D1BE
:10DB10000B780136F4E7CDE90B20169111960C9A9B
:10DB2000119B17991344089A01FB0323089323EAD6
:10DB3000E373C246029340E413460B449946129B9A
:10DB40004B4408934FF0660921E6C3F101031A44E0
:10DB500022EAE273C246089202934FF0670929E471
:10DB6000CDF82880D3B1039B08935A1C02920390EE
:10DB700011900C904FF07309FEF70DB908930BE468
:10DB8000054A1093029207933DAF27E5BC57010069
:10DB9000345A0100A4570100A8570100039B0893C1
:10DBA0000293079B11930C9303934FF07309FEF7B5
:10DBB000F2B80D9BC3F101032193C4E55D4A1092B5
:10DBC000FEF795BC9DF87F30B9F1470FCCBF5A4F97
:10DBD0005A4F002B40F09A8003220393089211932E
:10DBE0000C9307930292FEF7D6B8C2F10103092BFA
:10DBF0004FF02D028DF891203FF7FEAD6EE50699AE
:10DC00002AAA584600F09CF800287EF462ACDDE9B0
:10DC10002B362DAAFFF74CBA002B2CDB9DED0E7B8B
:10DC2000039B109301238DED187B0393E9E670218C
:10DC300049E5DDE90E1202F1004319932D231891F5
:10DC40001093DEE6C24633B9012302934FF0660912
:10DC50000893FFF7AFBB129B03F10109039B4B44F1
:10DC6000089323EAE37302934FF06609FFF7A2BB20
:10DC7000022314934BE4DDE90E1202F100431993E1
:10DC80002D231093012318910393BAE6294A109289
:10DC9000FFF7F7BA274B1093FFF71ABA0322274F63
:10DCA0000892FFF709BBCDE90B3307931193FEF7F9
:10DCB00072B80A9A6B780D4652F8041B0A9241EA30
:10DCC000E1710391FDF79DBF069A938943F04003EC
:10DCD00093814FF0FF330493FEF736B81549109146
:10DCE00075E6069BB3F90C3043F04003ADE6069BA6
:10DCF0000790B3F90C3043F04003A6E600231193DC
:10DD00000C930CE70C23CBF80030E2E700230393DD
:10DD100011930C9307930323089304230293FEF7B4
:10DD20003AB85146FEF721BA5046FEF785BE534633
:10DD3000FEF793BE345A0100A4570100A05701001A
:10DD40002DE9F843154692682C68FAB18046894659
:10DD5000083401E00834CFB16B68591E002B174618
:10DD6000696013DD54F8046C002EF3D0334654F888
:10DD7000082C4946404603F0DDFF431C07D0AA6843
:10DD8000921B1746AA600834002FE5D1002000231B
:10DD9000C5E90133BDE8F883024A0349034800F0AE
:10DDA00069B900BFF8010020F51D0100B80000208E
:10DDB0000C4B4168994210B5044601D004F01AF8A2
:10DDC000A168094B994202D0204604F013F8E1689B
:10DDD000064B994204D02046BDE8104004F00AB832
:10DDE00010BD00BF18AF002080AF0020E8AF0020BA
:10DDF00008B54B6EDA0702D48B899B0501D500204C
:10DE000008BD886D00F048FF002008BD08B54B6EC6
:10DE1000DA0702D48B899B0501D5002008BD886DE7
:10DE200000F042FF002008BD2DE9F843314A324C92
:10DE30003249DFF8DC90DFF8DC80314F11600025DB
:10DE400004232946082204F15C00C4E903352D4E61
:10DE5000A560C4E90055C4E905556566FDF772FB88
:10DE600004F15800C4E90749C4E90987E66200F0F3
:10DE70000BFF2946244B6367082204F1C400C4E960
:10DE80001A55C4E91E552567C4F8CC50C4F8805013
:10DE9000FDF758FB04F1680304F1C000C4F88430B6
:10DEA000C4E92298C4E9247600F0EEFE174BC4F8CA
:10DEB000DC30294604F596700822C4E93455C4E9DB
:10DEC0003855C4F8D850C4F83451C4F8E850FDF7B8
:10DED00039FB04F1D003C4E93D87C4F8F09004F5A0
:10DEE0009470C4F8FC60C4F8EC30BDE8F84300F06E
:10DEF000CBBE00BF50B0002018AF002099DD00005D
:10DF000021E1000045E100000900010012000200CB
:10DF1000B9E00000E1E00000F8B506462A4800F04C
:10DF2000BBFE2A4B1B68002B43D0294FD7E9013495
:10DF3000013B04D524E05A1C04F1680420D0B4F954
:10DF40000C50013B002DF6D1224BE36004F1580048
:10DF5000656600F099FE1C4800F0A6FEC4E9015574
:10DF6000C4E9045508222560A561294604F15C0036
:10DF7000FDF7E8FAC4E90C55C4E911552046F8BD8F
:10DF80003D680DB12F46D1E74FF4D671304602F00F
:10DF9000E1F9044680B10423C0E900530C3029465E
:10DFA000A0604FF4D0722546FDF7CCFA3C602F46B6
:10DFB000BCE7FFF739FFB8E703483C6000F074FEA8
:10DFC0000C233360DAE700BF38B2002050B00020E5
:10DFD000F80100200100FFFF10B504460A4800F0D8
:10DFE0005BFE636B23B9094B094A1B68626323B16B
:10DFF000BDE81040044800F057BEFFF715FFBDE82C
:10E000001040014800F050BE38B2002050B000204F
:10E01000B1DD0000014800F03FBE00BF38B2002073
:10E02000014800F041BE00BF38B2002008B50548E5
:10E0300000F032FEBDE80840034A0449002000F029
:10E0400019B800BF38B20020F8010020F1DD00004F
:10E0500008B5054A0549002000F00CF8BDE8084065
:10E06000034800F021BE00BFF80100200DDE0000D3
:10E0700038B200202DE9F8430746884616464FF08F
:10E080000009D6E90154013D10D4A389012B08D918
:10E09000B4F90E3001332146384602D0C04749EA70
:10E0A0000009013D6B1C04F16804EED13668002EB6
:10E0B000E7D14846BDE8F88310B50C46B1F90E101B
:10E0C00000F0B4FD002803DB236D0344236510BD7D
:10E0D000A38923F48053A38110BD00BF00207047A3
:10E0E0002DE9F0410C46B1F90C101F46CB05054651
:10E0F00016460BD421F48051A1813B46B4F90E1091
:10E1000032462846BDE8F04100F0A6BDB4F90E1035
:10E110000223002200F074FDB4F90C10EAE700BFFE
:10E1200010B50C46B1F90E1000F06AFDB4F90C30D0
:10E13000421C0EBF23F4805343F480532065A38117
:10E1400010BD00BFB1F90E1000F012BD40EA01038E
:10E150009B0710B501D1032A17D8844601F1FF3E71
:10E1600007E01EF8011F03F8011B541E29B19C464D
:10E1700022466346002AF4D110BD9444002CFBD003
:10E1800003F8011B6345FBD110BD8E468446DEF8C3
:10E190000040A4F1013323EA040313F0803F7146E9
:10E1A0000EF1040EDAD1043A032A4CF8044BEED8EF
:10E1B0007146D3E770B50F490F48104DFDF7D0FBFE
:10E1C00005F1A0062C460B482146FDF759FA20B967
:10E1D0002034B442F7D1084870BD0949064804F01C
:10E1E00011F829460448203504F00CF8B542F4D162
:10E1F000F1E700BF0C030020040200202C030020E4
:10E20000DC5701002DE9F04F00EB41178FB00546B8
:10E210000E46104639461446FDF732FA18B938460C
:10E220000FB0BDE8F08FA3492046FDF729FA00287A
:10E2300000F0C180A0492046FDF722FA002800F036
:10E24000B3802378432B00F0BB80613B192B15D89A
:10E250006378613B192B11D8A378A3F16102192AC5
:10E2600096BFE37804F1020904F103095F2B0AD099
:10E270002E2B00F0BD8213F0BF0F13D000273846BD
:10E280000FB0BDE8F08F99F80130413B192BF5D85C
:10E2900099F80230413B192BF0D899F8033009F175
:10E2A0000309E5E70DF1180884494046FDF758FBDE
:10E2B00099F80030402B00F08A824FF00009CA46DE
:10E2C000CB469DF81830413B342BD7D801A252F8E9
:10E2D00023F000BF47E700007DE20000E9E6000010
:10E2E0007DE20000ADE600007DE2000079E600007E
:10E2F0007DE20000DDE50000BDE50000FDE400007A
:10E300007DE200007DE200007DE200007DE2000091
:10E310009DE400007DE200007DE200007DE400005D
:10E3200041E40000F3E300007DE200007DE2000034
:10E330007DE200007DE200007DE200007DE2000061
:10E340007DE200007DE200007DE200007DE2000051
:10E350007DE2000047E700007DE20000E9E6000002
:10E360007DE20000ADE600007DE2000079E60000FD
:10E370007DE20000DDE50000BDE50000FDE40000F9
:10E380007DE200007DE200007DE200007DE2000011
:10E390009DE400007DE200007DE200007DE40000DD
:10E3A00041E40000F3E300000DF118084449404641
:10E3B000FDF7D6FA81E740492046FDF7D1FA39E763
:10E3C00063782D3B012B3FF659AF04F102090DF1A3
:10E3D000180849464046FDF7C3FA4021404603F07D
:10E3E00031FF08B100230370404600F0C9FC8144AE
:10E3F0005EE73449404603F0DFFE30B13249404623
:10E4000003F0DAFE00287FF439AF2E494046FDF7CD
:10E41000A7FA06212D4B2E4A0191022E00F0AE8163
:10E42000062E04D1414605F5A570FDF799FA21465F
:10E430003846FDF795FA074638460FB0BDE8F08F2D
:10E4400024490322404603F08BFF00287FF416AFD7
:10E450009DF81B3020492D2B14BF0DF11B0007A880
:10E46000FDF70EF900287FF409AF1C494046FDF77F
:10E4700077FA01211A4B1B4A0191CEE71A4940460F
:10E4800003F09AFE00287FF4F9AE17494046FDF7E5
:10E4900067FA0221154B164A0191BEE7154940461D
:10E4A00003F08AFE00287FF4E9AE13494046FDF7E9
:10E4B00057FADEE7E0570100E8570100F457010082
:10E4C000EC57010020580100285801002D090100D7
:10E4D0005D1A0100B0580100B4580100B85801009D
:10E4E00001090100411A0100445801002D0B0100EF
:10E4F000F91A0100A0580100A8580100C3490422DC
:10E50000404603F02DFF00287FF4B8AE9DF81C3084
:10E510002D2B06BF9DF81D300DF11D0207AA522BB1
:10E5200000F027811378543B212B3FF6A7AE01A2C0
:10E5300052F823F069E700005FE700007DE2000089
:10E540007DE200007DE200007DE200007DE200004F
:10E550007DE200007DE200007DE200007DE200003F
:10E560007DE200007DE200007DE200007DE200002F
:10E570007DE200007DE200007DE200007DE200001F
:10E580007DE200007DE200007DE200007DE200000F
:10E590007DE200007DE200007DE200007DE20000FF
:10E5A0007DE200007DE200007DE2000073E70000F4
:10E5B0007DE2000069E700005FE700009449404603
:10E5C00003F0FAFD00287FF459AE91494046FDF76B
:10E5D000C7F908218F4B904A01911EE78F4903220A
:10E5E000404603F0BDFE00287FF448AE9DF81B3086
:10E5F0008B492D2B14BF0DF11B0307AB04221846CA
:10E60000019303F0ADFE00287FF438AE019B1A7928
:10E610002D2A14BF181D581D0A2205A903F0F8F968
:10E62000421E0F2A3FF62AAE0C2801903FF426AE78
:10E63000059A1278002A7FF421AE7A494046FDF708
:10E640008FF9019B78480A2BC4BF31228DF8212015
:10E6500080FB03204FEAE372C2EBA00202EB8202CE
:10E66000CCBF0DF122010DF12101A3EB42033033A8
:10E670000B7000234B70FCE66C490822404603F007
:10E680006FFE00287FF4FAAD9DF8203068492D2BED
:10E6900014BF08A80DF1210003F08EFD00287FF4BF
:10E6A000EDAD64494046FDF75BF9E2E662490322BD
:10E6B000404603F055FE00287FF4E0AD9DF81B3086
:10E6C0005E492D2B14BF0DF11B0007A803F074FD4C
:10E6D00000287FF4D3AD5A494046FDF741F90321A4
:10E6E000584B594A019198E69DF8193003F0DF0321
:10E6F000502B7FF4C3AD554902224046FFF726FD5B
:10E700000A2205A90DF11A0003F082F9059B1B7876
:10E71000002B7FF4B3ADB0F5697F3FF4BAAE00F3E0
:10E72000A58040F26A3398423FF7A8AD40F25133DA
:10E73000984240F3B280464BA0F25230C340DB0710
:10E740003FF597AE9AE54349404603F035FD002872
:10E750007FF494AD3F494046FDF702F989E63E4912
:10E760004046FDF7FDF884E63C494046FDF7F8F8E1
:10E770007FE63B494046FDF7F3F87AE6414605F56A
:10E780009570CDE90223FDF7EBF8029A039B019EF9
:10E79000C5F8E020C5F8E43085F8286141462846F0
:10E7A00003F0C2FAB9F1000F0BD1BAF1000F08D192
:10E7B000012E06D09DF81890B9F1550918BF4FF0F9
:10E7C0000109BBF1000F0ED1C5F8E8902FE609F161
:10E7D000010B24495846FCF753FF824658B981463D
:10E7E0004FF0010B6DE54FF0FF33C5F8E8301EE642
:10E7F00009F10109EBE51C495846FCF741FF814648
:10E8000000283ED183464FF0010A5AE568580100BE
:10E81000305801007D0C0100CD1B01004C58010057
:10E820005058010058580100676666668858010014
:10E8300094580100985801003458010038580100DC
:10E840003C580100BD0B0100511B01006458010040
:10E85000A5110101EC570100785801008058010012
:10E8600070580100005801000C58010040F2654347
:10E8700098423FF4FEADA0F2E24008287FF6F9ADE1
:10E88000FCE458461049FCF7FBFE4FF0000AB0FAD2
:10E8900080F94FEA5919D34613E540F2E123984233
:10E8A0003FF4E7AD09DC40F2B51398423FF4E1AD27
:10E8B000B0F5347F7FF4E2ACDBE540F207339842F9
:10E8C0007FF4DCACD5E500BF1858010038B50D4623
:10E8D0000E49044601F036FD08B1037893B90C4B9C
:10E8E000204653F8251001F02DFD08B103784BB9EF
:10E8F0000849204601F026FD28B10278064B002A7F
:10E9000008BF184638BD044838BD00BFC0580100D4
:10E91000C05B0100C85801005804002006292DE9F9
:10E92000F84F804664D88B469246002A00F09E80BD
:10E93000DFF8EC91794E09F1C00735464C4629467F
:10E9400020462034FDF70CF8BC4205F12005F6D135
:10E950009AF80030A3BBBBF1000F40F08C80704FE1
:10E96000012421464046FFF7B1FF054600F008FAB2
:10E970001F28294638463BD80134FCF7F1FF072C05
:10E9800007F12007EDD1DFF8ACA1654F5546012412
:10E9900031462846FCF7E4FF62483A462146FFF735
:10E9A00031FC002878D00134072C05F1200506F150
:10E9B000200607F12007EBD1BDE8F84FFFF7FABBBF
:10E9C000BBF1000F1BD0504600F0DAF91F280FD81A
:10E9D000554C04EB4B1451462046FCF7C1FF224630
:10E9E00059465048FFF70EFC0446FFF7E3FB03E0EF
:10E9F0001626C8F8006000242046BDE8F88F2F21B5
:10EA0000504603F01FFC0446002869D042782F2AA4
:10EA100008BF431C04D11C4613F8012F2F2AFAD03B
:10EA2000002AE5D0DFF8F8B00125A4EB0A021F2A7E
:10EA3000DEDC01325146584603F06CFC23782F2B64
:10EA400005F1010503D114F8013F2F2BFBD0002B5A
:10EA500054D0224612F8013F0BB12F2BFAD1072DCB
:10EA60000BF1200B8FD0A2461446DEE7B1B32D4C3C
:10EA700004EB4114C0E759464046FFF727FF05461F
:10EA800000F07EF91F28B3D8274C04EB4B1429461D
:10EA90002046FCF765FFA2E7012CD8F80060A8D05B
:10EAA000012506E00135A54209F120090AF1200AF5
:10EAB0009FD051464846FCF753FF1A484A4629461C
:10EAC000FFF7A0FB0028EDD118494846FCF748FFA6
:10EAD0004A4629461348FFF795FBE3E7144C8BE7BA
:10EAE000504600F04DF91F2882D80D4C2046514663
:10EAF0002034FCF735FFBC42F8D144E7072D3FF442
:10EB000042AF094C04EB4514A4F120012046203407
:10EB1000FCF726FFBC42F7D135E700BF0C0300200D
:10EB200054B10020EC02002034B10020E85701006D
:10EB30000402002074B00020014B93F828017047B4
:10EB4000EC02002010B4044C03460A4620685DF82D
:10EB5000044B1946FFF7E2BEB4000020F0307047C6
:10EB600000487047DC03002000487047DC030020A9
:10EB700038B5074D0022044608462A6006F024FBFB
:10EB8000431C00D038BD2B68002BFBD0236038BD60
:10EB900018B20020194B1B6883422ED0416C70B50F
:10EBA000054681B100268C593CB12146246828468F
:10EBB00001F090FA002CF8D1696C0436802EF2D165
:10EBC000284601F087FAA96B11B1284601F082FAB4
:10EBD0002C6C34B121462468284601F07BFA002CC5
:10EBE000F8D1E96C11B1284601F074FA6B6B1BB1D6
:10EBF0002846BDE87040184770BD7047B40000203B
:10EC000038B50D46084C8446114628461A4600235E
:10EC10002360654606F0F4FA431C00D038BD236833
:10EC2000002BFBD02B6038BD18B2002038B50D4644
:10EC3000084C8446114628461A4600232360654640
:10EC400006F0DAFA431C00D038BD2368002BFBD055
:10EC50002B6038BD18B2002038B50D46084C8446EC
:10EC6000114628461A4600232360654606F0BCFA82
:10EC7000431C00D038BD2368002BFBD02B6038BD6F
:10EC800018B20020704700BF704700BF704700BF38
:10EC9000704700BF704700BF704700BF012070473A
:10ECA00001207047704700BF704700BF00000000A0
:10ECB00001F0FF01102A2BDB10F0070F08D010F82D
:10ECC000013B013A8B422DD010F0070F42B3F6D131
:10ECD000F0B441EA012141EA014122F007047FF04A
:10ECE00000070023F0E80256083C85EA010586EAA1
:10ECF000010685FA47F5A3FA87F586FA47F6A5FADD
:10ED000087F68EB9EED1F0BC01F0FF0102F00702E8
:10ED100032B110F8013B013A83EA010313B1F8D193
:10ED20000020704701387047002D06BF3546033874
:10ED3000073815F0010F07D1013015F4807F02BFAD
:10ED4000013015F4C03F0130F0BC0138704700BFFE
:10ED500000000000000000000000000000000000B3
:10ED600000000000000000000000000000000000A3
:10ED70000000000000000000000000000000000093
:10ED800030B490F800F020F007016FF0000C10F0A4
:10ED9000070491F820F040F048804FF000046FF035
:10EDA0000700D1E9002391F840F000F1080082FA51
:10EDB0004CF2A4FA8CF283FA4CF3A2FA8CF34BBB1C
:10EDC000D1E9022382FA4CF200F10800A4FA8CF295
:10EDD00083FA4CF3A2FA8CF3E3B9D1E9042382FA63
:10EDE0004CF200F10800A4FA8CF283FA4CF3A2FA78
:10EDF0008CF37BB9D1E9062301F1200182FA4CF2B0
:10EE000000F10800A4FA8CF283FA4CF3A2FA8CF316
:10EE1000002BC6D0002A04BF04301A4612BAB2FA38
:10EE200082F200EBD20030BC7047D1E9002304F03D
:10EE30000305C4F100004FEAC50514F0040F91F872
:10EE400040F00CFA05F562EA05021CBF63EA05030F
:10EE500062464FF00004AAE770B555EC104B064629
:10EE6000134825F000430021834231601DD820461D
:10EE700018431AD00F4828402A4658B90E4B002292
:10EE80002046294605F058FE0A4621F00043044674
:10EE90006FF035011B156FF31E52A3F2FE3342F0E3
:10EEA0007F550B4445F40015336045EC104B70BDA5
:10EEB000FFFFEF7F0000F07F000050432DE9F04F8F
:10EEC00003690C69A34283B0C0F28A80013C01F15E
:10EED000140500F1140855F8243058F824200133A3
:10EEE0009A428E4681464FEA840105EB840708EB7F
:10EEF000840AB2FBF3F63AD3CDE900150022AC4602
:10EF0000404613465CF8041B05681FFA81FB06FBAC
:10EF10000B22090C4FEA124B06FB01BB92B2A9B2BD
:10EF2000891A19441FFA8BF3C3EB214303EB1543F2
:10EF300089B241EA0341674540F8041B4FEA1B428E
:10EF40004FEA2343DED2DDE9001558F8013073B9EA
:10EF5000AAF1040AD04504D307E0D04504F1FF34F8
:10EF600003D25AF80439002BF7D0C9F81040714683
:10EF7000484602F02BFA00282EDB4146002255F8C5
:10EF8000040BD1F800C01FFA80FE1FFA8CF3A3EB2C
:10EF90000E031344020CC2EB234202EB1C429BB251
:10EFA00043EA0243AF4241F8043B4FEA2242E6D231
:10EFB00058F8242008EB84036AB9043B434504D87D
:10EFC00007E0984504F1FF3403D253F80429002ADE
:10EFD000F7D0C9F810400136304603B0BDE8F08FD5
:10EFE000002003B0BDE8F08F2DE9F04FA1B0CDE9CE
:10EFF0000A320291816B2A9D8DED040B57EC106B48
:10F00000044641B1C26B4A60012393408B6001F01A
:10F0100007FF0023A363B7F10009B4BF0123002356
:10F020002B60BD4BBCBF29F00049CDF8149033EAEA
:10F03000090300F0A1809DED047B002251EC170B29
:10F0400000238DED007B05F0DFFF824668B10A9A50
:10F05000012313602B9B13B12B9AB04B1360B04B61
:10F060000793079821B0BDE8F08F9DED000B1EAA15
:10F070001FA9204602F016FB5FEA19581E9D099051
:10F0800040F090801F9B05EB030808F23243202BD1
:10F0900040F32C82C3F1400309FA03F908F212434A
:10F0A00026FA03F349EA030005F0CCFC012208F13B
:10F0B000FF38A1F1F873129219460022994B05F01E
:10F0C00083FB8FA3D3E9002305F036FD8EA3D3E99C
:10F0D000002305F07BFB064640460F4605F0C2FCC8
:10F0E0008BA3D3E9002305F027FD02460B463046EB
:10F0F000394605F06BFB06460F4605F0CDFF0022B2
:10F100008146089000233046394605F087FF0028E5
:10F1100040F01281089EA5EB0805162E05F1FF3B75
:10F1200000F2D980804B03EBC603D3E90023DDE96D
:10F13000000105F073FF002840F0D281002D40F35C
:10F1400082850F90B3440E960C9000230D93029B82
:10F15000092B3BD8052BC4BF043B0293029BA3F1B0
:10F160000203CCBF00250125032B31D8DFE813F0C3
:10F17000E902E602DC02C7010A9AC9F3130942F266
:10F180000F7359EA0609136019D12B9B002B00F06D
:10F190003687664B079308332B9A0798136021B084
:10F1A000BDE8F08FDDE90001C1F3130343F07F53A5
:10F1B000A8F2FF38CDF848A043F440137CE72B9B1E
:10F1C000002B40F098815A4B07934AE700230293A3
:10F1D0000025E5632946204601F0FCFD0790002844
:10F1E00000F0A886079BA3631F9B002BC0F2B28090
:10F1F000089A0E2A00F3AE804B4B03EBC20393ED4B
:10F20000007BDDE9008957EC176B404632463B46F0
:10F2100049468DED027B05F0B9FD05F03DFF054641
:10F2200005F020FC32463B4605F086FC0B460246C4
:10F230004946404605F0C8FA05F13003079D05F838
:10F24000013B4FF0FF3A00944FF001095446DDE9CD
:10F2500002AB1DE052465B463046394605F096FD4E
:10F2600005F01AFF804605F0FDFB52465B4605F0AF
:10F2700063FC09F101090B4602463946304605F0A8
:10F28000A3FA08F13003A14505F8013B00F03885E9
:10F29000284B002205F050FC0022002306460F46B2
:10F2A00005F0B2FE0028D5D0089F009C0137AB4680
:10F2B0000999204601F0B4FD00238BF800300A9B29
:10F2C0001F602B9B002B3FF4CCAE0798C3F800B017
:10F2D00021B0BDE8F08F01230F93BBF1000FC0F206
:10F2E000F98000230C93089B002B80F2F0800C9A8D
:10F2F000089BD21A5B420D9300230C920E9326E7D3
:10F3000061436F63A787D23FB3C8608B288AC63F2B
:10F31000FB799F501344D33F0000F07FD957010081
:10F32000D85701000000F83FC85C010018590100DF
:10F330002459010000002440484605F093FB324662
:10F340003B4605F061FE00287FF4E4AE09F1FF338F
:10F350000893DFE64FF0FF3A0B95CDF858A0129ACC
:10F36000002A40F0F1811E9B0D9FC3F136030C9AD9
:10F3700001212046D5189B4401F070FE0C9A0646E8
:10F38000002A40F07A830D9B002B00F0EF83002FC2
:10F3900040F0D3830D9A0999204601F043FF0123E1
:10F3A00009900D930121204601F058FE0E9B00901C
:10F3B000002B40F00183029B012B40F3848301204A
:10F3C000584410F01F0000F0C781C0F12003042B47
:10F3D00040F392830C9BC0F11C00034405440C9342
:10F3E0008344002D05DD09992A46204601F07AFF65
:10F3F0000990BBF1000F05DD00995A46204601F047
:10F4000071FF00900F9B002B40F0EC82BAF1000FCF
:10F4100040F3AD820D9B002B40F0FA81089F01372D
:10F42000DDF81C80DDF824B0DDF80090012507E050
:10F43000594600230A22204601F0FCFC0135834690
:10F4400049465846FFF73AFD554500F1300008F8A7
:10F45000010BEDDB079BCDF824B0BAF1000F0AF1E8
:10F46000FF3503F10102D8BF002505EB020A8146F2
:10F47000002509990122204601F034FF00990990E6
:10F4800001F0A4FF002840F37483079A02E092453C
:10F4900000F07A83D3460AF1FF3A1BF8013C392B7E
:10F4A000F5D001338AF800300099204601F0B8FC0D
:10F4B000002E3FF4FDAE2DB1B54203D029462046C3
:10F4C00001F0AEFC3146204601F0AAFCF0E69B4478
:10F4D0000E933AE6C5F101030C934FF0000B02E7DF
:10F4E000089B013B089300230F93F6E6C3F120032A
:10F4F00006FA03F0D8E5B74B079303334CE6012334
:10F5000014930B9B089A134403F1010A5646012EEB
:10F510001693B8BF0126172E40F3618501220423FC
:10F520005B0003F11400B042114602F10102F7D969
:10F53000E163204601F04EFC0790002800F0FA84B9
:10F54000BAF10E0FA06300F20E81002D00F00B81C6
:10F55000089A002A40F34E839F4902F00F0301EB03
:10F56000C303D105D3E900674FEA221540F1E683D2
:10F570009A4BDDE90001D3E9082305F007FCCDE94A
:10F58000100105F00F054FF0030985B1DFF84C823B
:10F59000EA0740F1DD8030463946F8E8022305F0FD
:10F5A000CBFA6D1009F1010906460F46F0D1DDE9ED
:10F5B000100132463B4605F0E9FBCDE910010F9BF7
:10F5C00053B1DDE91067864B00223046394605F01D
:10F5D00025FD002840F06084484605F043FADDE947
:10F5E000102305F0A9FA7F4B002205F0EFF806463C
:10F5F000A1F15077BAF1000F00F0D982089B1D935A
:10F60000CDF85CA0744B17991C93CDE91A6703EBF6
:10F61000C103DDE9105613ED027B314628468DED1E
:10F62000187B05F039FD00F130035FFA83F805F02F
:10F6300019FA0B4602463146284605F0C5F8079BE5
:10F640000F4614995D1C06461095002900F0A98309
:10F65000DDE918236449002005F098FBDDE91A2351
:10F6600005F0B2F8079B324683F800803B46CDE9AF
:10F67000140105F0F1FC002840F06F84DDF85C8097
:10F68000CDF860B0CDF85CA04FF00009DDE914AB17
:10F6900010942BE009F10109C14580F2CA81534B56
:10F6A00050465946002205F047FA504B0022824648
:10F6B0008B463046394605F03FFA0F46064605F0C0
:10F6C000EBFC044605F0CEF902460B4630463946BF
:10F6D00005F07AF8303405F8014B52465B46064691
:10F6E0000F4605F09BFC002840F0368432463B462E
:10F6F0003B49002005F068F852465B4605F08EFC59
:10F700000028C7D01D9E109C079A013602E0954242
:10F7100000F0F283AB4615F8013D392BF7D00133E9
:10F72000DBB22B703746C3E5012314930B9B002BF0
:10F7300040F3B2810B9E1696B246ECE6002314937A
:10F74000DFE600231493F1E70D9F03F233430EE647
:10F750006D1008F108081BE71C230C9A1A441D447D
:10F760000C929B443DE61F9B002BC0F25781089AE8
:10F770000E2A00F35381184B1C931C9B089A03EB31
:10F78000C20393ED007B0B9B002B8DED027B80F27F
:10F79000DC82BAF1000F00F3D88240F02182144BD2
:10F7A0000022DDE9020105F0C7F902460B46DDE95A
:10F7B000000105F03DFC5146002840F01282DDF8C2
:10F7C0001CB031230BF8013B204601F029FB089FB8
:10F7D00002376DE524590100C85C0100A05C0100FE
:10F7E0000000F03F00001C400000E03F000024400B
:10F7F00000001440314600230A22204601F01AFB83
:10F80000169B002B064640F3E083DDF858A00895D0
:10F810000C9B002B05DD31461A46204601F062FDA7
:10F8200006460E9B002B40F05482B046079D05F122
:10F83000FF3B0BEB0A030C93049BDDF824B003F0B1
:10F8400001030D9300995846FFF738FB3146824675
:10F85000584601F0BBFD009907464246204601F09C
:10F86000D7FDC3680AF130090146002B36D10B9051
:10F87000584601F0ABFD0B990990204601F0D0FAF3
:10F88000099B002B58D1029B1BB90D9B002B00F04C
:10F890008583002FC0F24B830C9BAA469D420AF839
:10F8A000019B00F07682594600230A22204601F08F
:10F8B000C1FA4645834631464FF000034FF00A0235
:10F8C000204633D001F0B6FA4146064600230A220C
:10F8D000204601F0AFFA55468046B3E72046CDF802
:10F8E00024B001F09DFA002F06DB049B03F0010217
:10F8F000029B1F433A432CD109990122204601F073
:10F90000F1FC0099099001F061FD002840F32A8381
:10F91000B9F1390F00F0F3820AF13109AB46089FC3
:10F920000BF8019B354601374646BDE501F082FAEA
:10F9300055460646804685E7002FC0F20283029AAC
:10F9400017430D9A174300F0FC82002BA4DDCDF87D
:10F9500024B0B9F1390F00F0D282AB46089F09F10B
:10F96000010335460BF8013B013746469CE5029BF7
:10F97000022B7FF74FADBAF1000F40F08C81009958
:10F9800053460522204601F055FA01460090099899
:10F9900001F01CFD002840F37E81DDF81CB00099C9
:10F9A00031230BF8013B204601F03AFA089F023759
:10F9B000002E7FF487AD7BE41A460146204601F015
:10F9C00031FC029B0090012B40F3768100230E93C3
:10F9D000009A136902EB8303186901F0D5FAC0F1AC
:10F9E0002000EDE40099099801F0F0FC0028BFF632
:10F9F0000DAD00230999089D0A22204601F01AFA4C
:10FA00000D9B0990013D002B7FF4F4AE169B002B5B
:10FA100040F3D082089FDDF858A001E5149A92B90E
:10FA20000C9B002B6DD10D9B002B7BD11D461E46E0
:10FA3000B8E41F9B109C002BDDE917AB03DB089A91
:10FA40000E2A7FF79AAE029A012A7FF788AC0D9BA7
:10FA50000AF1FF37BB42C0F2FF80BAF1000FA3EBFF
:10FA6000070780F2A482012120460C9D01F0F6FADE
:10FA7000A5EB0A080646CDF83080BBF1000F7FF7F2
:10FA800082AC0C9A5A451346A8BF5B46D21AED1AAF
:10FA90000C92ABEB030B76E40021E163204601F00E
:10FAA00099F90790002800F04582079BA363002D79
:10FAB00040F0FE801F9B002BC0F26982012216924B
:10FAC00092460B9253E6049B002B7FF478AC059B87
:10FAD000C3F31303002B7FF472AC059B23F00043A8
:10FAE0001B0D1B05002B3FF46AAC012301350BF104
:10FAF000010B0E93184663E43FF473ACC0F13C0372
:10FB00002BE6BBF1000F00F0B3810C9A0D9E5A4515
:10FB10001346A8BF5B46D51AABEB030B0C95002E22
:10FB20003FF440AC0D9A0999204601F07BFB00237D
:10FB30000C9D09900D931E4634E431463A4620460A
:10FB400001F070FBDDF8249001464A460646204647
:10FB500001F0B2FA49468046204601F061F90D9B5A
:10FB6000CDF82480DB1B0D937FF414AC01230D939F
:10FB700018E403D119F0010F7FF487ACD3461AF8CB
:10FB8000013D302BFAD08FE4079A312301371370EF
:10FB90008AE4484604F066FFDDE9102304F0CCFF58
:10FBA000B74B002204F012FE0646A1F15077B54B88
:10FBB0000022DDE9100104F007FE32463B46804694
:10FBC000894605F049FA002840F0A481404649469C
:10FBD000324607F1004305F021FA00283FF4C3AD97
:10FBE0000021204601F01CF90B9BDDF81CB05F42A0
:10FBF000FFF75EBB00F07881089BA34A5D4205F0E9
:10FC00000F0302EBC303D3E90023DDE9000104F095
:10FC100093FF2D11CDE9100100F0DD819B4E4FF0D7
:10FC20000209EB070CD5DDE91001F6E8022304F028
:10FC300083FF6D10CDE9100109F10109F1D1BEE496
:10FC40006D100836EDE7C5F101030C93089B0F908A
:10FC50009B460E93FFF779BA0D9B0E9AFB1A1A4436
:10FC60000C9B0E920121204603EB0A0501F0F6F9E8
:10FC70000C9B0D97D3440646002B3FF48BAB0C9A9C
:10FC80005A451346A8BF5B46D21AED1A0C92ABEB4D
:10FC9000030BFFF77FBB0099204601F0C1F80B9BD7
:10FCA000DDF81CB05F42002E7FF40CACFFF700BB08
:10FCB0001695AA460B954BE4049B002B7FF486AE69
:10FCC000DDE90412C2F31303002B00F052810E9100
:10FCD0007EE67168204601F07DF80546002800F0B8
:10FCE0008781336902339A0006F10C010C30FBF76F
:10FCF00095FE29460122204601F0F4FA804695E55A
:10FD0000009C02460B4604F061FD089FDDE90223DA
:10FD1000013782468B463E4605F09EF948B9DDE93B
:10FD200002235046594605F06FF920B118F0010F33
:10FD300001D0079AEEE4AB46FFF7BABA9DED007B1F
:10FD40004FF002098DED107B1FE4079B01331093E8
:10FD5000DDE90056DDE902232846314605F016F8B4
:10FD600005F09AF9804604F07DFEDDE9022304F0F7
:10FD7000E3FE02460B462846314604F025FD079A6D
:10FD8000109D08F13003BAF1010F13707FF45BAAE4
:10FD9000B7E7089FCDF824B0354601374646FFF750
:10FDA00068BBDDE91A23DDE9180104F0C5FE079BF5
:10FDB00083F80080179B012BCDE9120123D0079B0C
:10FDC000179ADDF8408003EB0209314B00223046E0
:10FDD000394604F0B1FE0F46064605F05DF90546CA
:10FDE00004F040FE303502460B463046394604F0FA
:10FDF000EBFC08F8015BC84506460F46E5D1109BB1
:10FE00005D1E179B1D44DDE91289224B00224046EE
:10FE1000494604F0DBFC32463B4605F0FFF800287B
:10FE200040F0958042464B461A49002004F0CCFC35
:10FE300032463B4605F010F980B91F9B002BFFF6B8
:10FE4000EFAD089B0E2B3FF7EBAD1C9B089A03EB25
:10FE5000C20797ED007B8DED027B79E7AB46013D54
:10FE60001BF8013C302BF9D01D9F0137FFF720BA5A
:10FE70000D9E002E7FF456AE0C9DFFF793BA00BF87
:10FE800000001C4000001440C85C0100A05C0100A0
:10FE9000000024400000E03FBAF1000F3FF479AECB
:10FEA000169D002D7FF75FAC089B013B304639461D
:10FEB0001D930022544B04F03FFE024616460F46A7
:10FEC00009F10100CDE9106704F0CCFD32463B4654
:10FED00004F032FE4D4B002204F078FC17950646E4
:10FEE000A1F15077FFF78EBB9DED007B4FF002092B
:10FEF0008DED107BFFF763BB0136312311E4AA4679
:10FF0000089F079A392335460AF8013B01374646D0
:10FF1000FFF7C0BADDF81CB031230BF8013B00211C
:10FF2000204600F07DFF089F0237FFF7C1B9CDF8EA
:10FF300024B0F3E4364B3748002240F2AF1102F010
:10FF400095FA002BCDF824B03FF7D6ACE6E41D9E21
:10FF5000079A0136FFF7DEBB109C1D9FAB460137A9
:10FF6000FFF7A6B97FF4DAAC19F0010F7FF4D0AC3B
:10FF7000D4E4059B23F000431B0D1B05002B3FF42D
:10FF800026AD012301350BF1010B0E9320E5149BE7
:10FF90004BBB012316939A460B9341E5B9F1390FF8
:10FFA000CDF824B0ABD0002F3FF7B6ACB6E4534643
:10FFB000FFF7DDB9029A022A03DC089F9A46FFF791
:10FFC0002FBA0895DDF858A0D5E4029A0895022AC0
:10FFD000F8DC9A461CE44FF00209FFF7F0BA002162
:10FFE000E163FFF7A6BA149B0B939A4616932EE58E
:10FFF000074B08482A4640F2EF2102F037FA064B39
:020000021000EC
:100000000793FFF72EB800BF0000244000001C40FB
:10001000285901003C590100185901002DE9F84305
:1000200006460820894602F013FADFF8A480054648
:10003000304600F0C3FED8F808305F6827F00307A9
:10004000A7F11104A4EB09042C44B4FBF5F4013C22
:1000500005FB04F4A54208DC0021304602F0E6F975
:10006000D8F808303B44984205D0304600F0ACFE4A
:100070000020BDE8F8836142304602F0D7F9013034
:100080000FD0114AD8F808303F1B47F001075F60D6
:10009000136830461B1B136000F096FE0120BDE87C
:1000A000F8830021304602F0C1F9D8F80820831AFD
:1000B0000F2BDADD43F001035360044B02491B6848
:1000C000C01A0860D1E700BF3CB2002078040020CD
:1000D0008004002000295BD0F8B50C46074600F0EC
:1000E0006DFE54F804CC744DA4F108022CF0010309
:1000F000D118A8684E68884226F003060CF0010E5D
:100100007ED088194E60406800F00100BEF1000FFB
:100110002FD154F8084C121B2344946805F1080CA5
:10012000644562D0D2F80CE0C4F80CE0CEF8084088
:1001300000287FD043F0010050600B60B3F5007FD2
:100140002FD2D90868685C090131012309B2A340A4
:1001500003436B6055F83100906005EBC103083B29
:10016000D36045F83120C2603846BDE8F84000F061
:100170002BBE70B9334405F1080C8868604543F024
:10018000010471D0C968C16088605460D350D5E75C
:1001900070474CF00101B3F5007F44F8041CD350C4
:1001A000CFD3B3F5206F4FEA532045D2980900F121
:1001B000390109B200F13804C900681869580838D3
:1001C000884203D157E08968884204D04C6824F003
:1001D00003049C42F7D8C868C2E90210826038461E
:1001E000CA60BDE8F84000F0EFBD88BB1E44D1E90D
:1001F0000213CB60996046F0010353609651B3E758
:100200001E44BEF1000F07D154F8083CD21A1E4418
:10021000D2E90213CB60996046F001035360274B8B
:10022000AA601B68B3429FD8254B38461968FFF770
:10023000F5FE99E73344A0E714280ED9542821D8B5
:10024000180B00F16F0109B200F16E04C900B4E7A8
:1002500043F0010050600B6086E700F15C0109B2D9
:1002600000F15B04C900A8E7C5E90422C2E902CC99
:100270005460D35078E76E68A4100123A340334341
:100280006B60A9E7B0F5AA7F07D8D80B00F1780119
:1002900009B200F17704C9008FE740F25451884257
:1002A00006D8980C00F17D0100F17C04C90084E7B8
:1002B0004FF47E717E2480E7800400207C040020BF
:1002C0006CB200202DE9F047DFF8749007460E4627
:1002D000904602F027F9D9F800504DB133781C460A
:1002E0006BB1344602E014F8013F3BB13D2BFAD12B
:1002F000384602F01DF90020BDE8F087A41B2868ED
:100300000028F5D02246314602F054F828B9286872
:10031000035D3D2B00EB040A04D055F8040F0028C0
:10032000F0D1E5E7D9F80030EB1A9B103846C8F851
:10033000003002F0FDF80AF10100BDE8F08700BFCF
:100340008808002000B583B001AAFFF7BBFF03B007
:100350005DF804FB2DE9F04F01F10B05162D83B07C
:10036000064623D8102900F2B48000F027FD10259E
:1003700018230220B84F3B44A3F108025C68944262
:1003800000F064816368E268A16823F00303CA6037
:100390002344304691605A6842F001025A6000F0EE
:1003A00013FD0834204603B0BDE8F08F35F0070593
:1003B00000F18F80A94200F28C8000F0FFFCB5F5BF
:1003C000FC7FC0F0B8815FEA552E00F08980BEF155
:1003D000040F00F270814FEA951E0EF1390003B24E
:1003E0000EF1380EDB009C4F3B44A3F1080C5C6817
:1003F000A44507D10DE0002AE16880F221818C45F7
:1004000007D00C46636823F003035A1B0F2AF2DD62
:100410007046DFF85C823C69444500F0FE8063680A
:1004200023F0030CACEB05030F2B00F38981002BA9
:10043000C7E9048880F27381BCF5007FD7F804E037
:1004400080F018814FEADC03013319B24FEA5C1CDB
:10045000012303FA0CF357F83120A2604EEA030E91
:1004600007EBC103083BE360C7F804E047F83140FD
:10047000D46083104FF0010C0CFA03FCF44535D81E
:100480001CEA0E0F08D120F003004FEA4C0C1CEAC6
:100490000E0F00F10400F8D007EBC00AD6468146E3
:1004A000DEF80C300BE0596821F003014A1B0F2ADB
:1004B0001C46DB6800F30F81002A80F223819E45F1
:1004C000F1D109F1010919F0030F0EF1080EE7D17E
:1004D00061E10C2333600024204603B0BDE8F08FB7
:1004E0004FF4007340204FF03F0E7CE7BC68636818
:1004F00023F00309A94504D3A9EB05030F2B00F34F
:100500008F80564B1B68082003F1100804EB090389
:10051000009301F09DFF524A13680133A8448346BB
:1005200005D008F1FF388044434203EA08084146F9
:10053000304601F07BFFB0F1FF3F494A824600F0B0
:100540001B8104EB0903834200F21481454B1868B8
:1005500040440BF1FF3C186000F0728111680131DA
:1005600000F07A8104EB0902AAEB020202441A604D
:100570001AF00702CDE9002300F03281C2F108022F
:100580009244D04408EA0C015A44521A02EA0C0B75
:100590005946304601F04AFF421C019B00F0798128
:1005A000A0EB0A0000EB0B081868C7F808A048F099
:1005B00001025844BC42CAF80420186016D0B9F1B0
:1005C0000F0F40F24C816168A9F10C0222F0070282
:1005D00001F00101114361604FF0050CA1180F2AD1
:1005E000C1E901CC00F25D81DAF804201E4B1968E4
:1005F000814238BF18601D4B1968814238BF1860AE
:10060000544622F00308A845A8EB050301D30F2B9D
:1006100006DC304600F0D8FB5DE7D7F804E028E7B9
:10062000621943F0010345F0010565603046BA6088
:10063000536000F0C9FB0834204603B0BDE8F08FDA
:10064000A2682344D16030468A60A4E6DC68A342F5
:100650007FF498AE0230DCE6800400206CB200200B
:10066000780400203CB2002068B2002064B2002070
:1006700088040020BCF5206F4FEA5C2272D3142A54
:1006800000F2C18002F15C031BB25B32DB00F9189F
:10069000FB580839994203D198E09B68994204D0ED
:1006A0005A6822F003026245F7D8D968C4E90231DA
:1006B0008C60DC60DDE6BEF1140F60D9BEF1540F32
:1006C00000F2AB804FEA153E0EF16F0003B20EF15F
:1006D0006E0EDB0087E6D4F808C03046661945F098
:1006E00001056560CCF80C30C3F808C042F0010386
:1006F000C7E90466C6E902887360625000F064FBD3
:100700000834E9E6214430464A6842F001024A6072
:1007100054F8082FD3609A6000F056FBDCE6A4443E
:100720003046DCF8043043F00103CCF8043000F02C
:100730004BFB0834D0E6E808431C1BB2DB0019E68B
:10074000621943F0010145F0010565603046C7E9D3
:100750000422C2E90288516044F80C3000F034FBF6
:100760000834B9E64FEA9C1202F139031BB2383261
:10077000DB008CE7BC425CD0BC68626841E70EF1EC
:100780005C0003B20EF15B0EDB002CE65AF8083970
:10079000534540F0A68010F0030F00F1FF30F5D173
:1007A0007B6823EA0C037B604FEA4C0C9C453FF6C8
:1007B0009DAEBCF1000F04D198E64FEA4C0C09F154
:1007C00004091CEA030FF8D0484665E692104FF082
:1007D000010C0CFA02F24EEA020EC7F804E065E7DB
:1007E0000AEB080202EA0C02ABEB020202EA0C0B73
:1007F0005946304601F01AFE431C019B7FF4D0AEEF
:10080000DDF800B0D0E6542A2DD84FEA1C3202F1B0
:100810006F031BB26E32DB0039E7BEF5AA7F2DD81D
:100820004FEAD53E0EF1780003B20EF1770EDB00F1
:10083000D9E52D4B186840440BF1FF3C18608DE65C
:100840001AEA0C0F7FF48AAED7F808A0C84448F023
:100850000102CAF80420C9E6C2F800A088E6012314
:10086000CAF80430D5E6B2F5AA7F25D84FEADC32C3
:1008700002F178031BB27732DB0008E740F25453F1
:100880009E4524D8AB0C03F17D0003F17C0EC30020
:10089000A9E5009A083A9044A8EB0A084FF0000B2B
:1008A00082E6304604F108010093FFF713FC009B39
:1008B000D7F808A0186897E640F254539A420CD82B
:1008C0004FEA9C4202F17D03DB007C32DFE64FF40D
:1008D0007E737F204FF07E0E85E54FF47E737E227F
:1008E000D5E67B6860E700BF3CB2002010B4034C43
:1008F000D4F8E440A4465DF8044B6047EC020020C5
:1009000082B049B15AB16BB113780B601278101EE6
:1009100018BF012002B0704701A9002AF3D1104688
:1009200002B070476FF00100F4E700BF2DE9F0411D
:1009300082B08646089E002937D092B3002B52D051
:1009400035683DBB14784FF0010C44B37F2C4DDD6E
:10095000A4F1C0001F282AD834711DB90120834298
:10096000306040D012F80C30A3F180023F2A0CF125
:10097000010000F2B080C12C40F3AD80A40103F06F
:100980003F0304F4F8641C43002333600C6002B09E
:10099000BDE8F08134794FF0000C002CD6D10C600A
:1009A0003460002002B0BDE8F08101A9C5E7A4F1E0
:1009B000E0000F2821D83471002D5ED10120834240
:1009C000306010D0E02C12F80C000CF1010C00F09B
:1009D000A880A0F180073F2F05467CD870710220C7
:1009E0008342306055D16FF00100D0E70023012031
:1009F00033600C6002B0BDE8F081A4F1F00004287F
:100A000069D83471002D59D05F1C18BF0133012DF6
:100A100058D096F80580F02C5AD0F42C7CD0A8F150
:100A200080003F2857D8012D86F8058059D0581CE2
:100A3000306818BF0133022858D0B579A5F180037A
:100A40003F2B48D812F80C70A7F180033F2B0CF114
:100A5000010040D8A3044FEA083202F47C3203F4C8
:100A6000E013AD01134305F47C652B4307F03F070A
:100A70003B4300220B60326089E7581C18BF0133EA
:100A8000012D9FD0E02C75793ED0A5F180033F2B3E
:100A900021D812F80C20A2F180033F2B0CF10100A9
:100AA00019D82303AD019BB205F47C6502F03F0227
:100AB0002B431343002232600B6068E7012083421E
:100AC000306090D012F80C8001250CF1010CA2E7E7
:100AD000B8F18F0FA3DC8A23CEF800304FF0FF303F
:100AE00055E70220834230603FF47DAF12F80C508E
:100AF000A5F180003F280CF1010CECD803208342C3
:100B0000B57130609ED16EE79F2DE4D9A5F18003C9
:100B10003F2BE0D87571BCE7B8F18F0F7FF77FAF3F
:100B2000D9E79F283FF655AFD5E700BF30B482B074
:100B30008446049D002930D0002A31D0002B39D0C2
:100B40002868147848B1012816D00C601078003855
:100B500018BF012002B030BC7047A4F181001E28EC
:100B600003D9A4F1E0000F28EFD8012083422C71B3
:100B700028601FD054780220A4F140033E2B03D9F3
:100B8000A4F180037C2B0FD82B7904EB03240023E2
:100B90000C602B6002B030BC704701A9002ACDD197
:100BA000104602B030BC70478A23CCF800304FF0BA
:100BB000FF30CFE76FF00100CCE700BF30B583B066
:100BC0008646069D002940D0002A41D0002B4BD0FC
:100BD0002868147858B10128A44618D0022841D0BA
:100BE0000C601078003818BF012003B030BDA4F1AC
:100BF0008E00012803D9A4F1A1005D28F0D80120BE
:100C000083422C7128602FD092F801C00220ACF1F1
:100C1000A1045D2C2BD82C798F2C1CD10224984256
:100C200085F805C02C601FD212F800C00130ACF16D
:100C3000A1035D2B1BD86B790CF07F0C0CEB03230D
:100C400000220B602A6003B030BD01A9002ABDD18B
:100C5000104603B030BD0CEB042400220C602A6067
:100C600003B030BD0120E2E76FF00100BDE78A2349
:100C7000CEF800304FF0FF30B7E700BF2DE9F04F5E
:100C800083B0DDF8308091B3A2B3002B00F08980EF
:100C90009446E3461CF8015B98F80040DFF814A185
:100CA000DFF814914FF0010E002D49D0A5F11B067D
:100CB000F7B22F2F24D82F2E22D8DFE806F06E218E
:100CC000212121212121216C212121642121212186
:100CD0002121212121212121212121212121212104
:100CE000212121662168212121212121216A01A9B7
:100CF000002ACAD10120C8F8002003B0BDE8F08F57
:100D0000A5F121065D2E8CBF0827072704EBC4043C
:100D100009EB04065444F65DE45D052E44D8DFE893
:100D200006F021031311052A88F8045073450EF1CB
:100D3000010534D9AE46E3461CF8015B002DB5D160
:100D40000627E3E76246F1E70123C8F8003098F888
:100D500004209BF8003003EB022370460B6003B0C5
:100D6000BDE8F08F0023C8F8003013780B607046A0
:100D700003B0BDE8F08F00231846C8F800300B60C0
:100D800003B0BDE8F08F0227C0E70327BEE70427C2
:100D9000BCE70527BAE70127B8E70027B6E7C8F898
:100DA00000406FF00100DAE78A2303604FF0FF3064
:100DB000D5E700BF245C0100DC5B01000148FDF7C2
:100DC0006BBF00BF2CB200200148FDF76DBF00BF14
:100DD0002CB20020436C70B505460C464BB153F85D
:100DE000240080B1026843F824200023C0E90333C3
:100DF00070BD2122042101F05FFB034668640028D6
:100E0000EDD1002070BD012101FA04F6721D92009F
:100E1000284601F051FB0028F3D0C0E90146E4E781
:100E200031B1436C4A6853F82200086043F822103D
:100E3000704700BF2DE9F0410D6907460E461C467C
:100E400001F1140E0020DEF800108BB202FB034308
:100E50004FEA134C090C02FB01CC01309BB203EBAF
:100E60000C4385424EF8043B4FEA1C44EBDC3CB19A
:100E7000B368AB4207DD06EB850301355C61356184
:100E80003046BDE8F081716838460131FFF7A2FFB6
:100E90008046A8B13269023206F10C0192000C3092
:100EA000FAF7BCFD7B6C726853F82210316043F88E
:100EB0002260464606EB850301355C613561DFE75C
:100EC000024B03484246BA2101F0D0FA28590100EA
:100ED000985901002DE9F8431746284A1E46083361
:100EE0000C46092E82FB03124FEAE3730546C3EB5F
:100EF00062033ADD4FF0010C00214FEA4C0C6345D0
:100F000001F10101F9DC2846FFF764FF014670B3E7
:100F1000089B4361092F4FF00103036112DC0A347F
:100F20000927BE420BDDF61B264414F8013B0A22BA
:100F3000303B2846FFF77EFFB4420146F5D1084614
:100F4000BDE8F88304F1090804EB0709444614F8E6
:100F5000013B0A22303B2846FFF76CFF4C45014617
:100F6000F5D1B844A8F10804DBE70021CBE70A4635
:100F7000034B0448D32101F079FA00BF398EE338DE
:100F80002859010098590100B0F5803F034636BF4B
:100F9000030400201020B3F1807F3CBF1B02083007
:100FA000B3F1805F06D3B3F1804F0FD29A0012D411
:100FB000033070471A01B2F1804F00F1040006D2ED
:100FC0009B0108D45B00F3D4202070471A46002A06
:100FD000FBDB013070470230704700BF03685907E0
:100FE000024607D0D8071DD499072AD55B0813609D
:100FF0000120704799B279B91B0CD9B2A1B1102068
:10100000190701D104301B09990712D0D90701D45F
:1010100001305B0813607047D9B241B1180718D18D
:101020000420F0E70020704718201B0AE8E708209A
:10103000FBE713F0040F4FEA930106D002300B4692
:10104000E8E79B08136002207047DB0804D12020EA
:101050007047DB080320DDE70330DBE738B5436C7E
:1010600004460D464BB15868B0B102685A60002280
:101070000123C0E90323456138BD2122042101F089
:101080001BFA034660640028EDD1094B0948002291
:1010900040F2451101F0EAF91C220121204601F03D
:1010A0000BFA0028F1D001220223C0E90123DEE778
:1010B00028590100985901002DE9F04FD1F810800E
:1010C0001569A84585B00E46924605DB2A4653466B
:1010D00045468A4690461E46DAF80830DAF804108B
:1010E00005EB0804A342B8BF0131FFF773FE844645
:1010F000002800F08C8000F1140707EB840E774580
:1011000005D23B46002243F8042B9E45FBD81436FB
:1011100006EB88080AF11409464509EB850567D2F4
:10112000A5EB0A03153B0AF1150A23F00303AA45B0
:1011300094BF9B464FF0000BCDF808E00394AE46F9
:10114000E24605E0090C2BD1B04507F104074CD964
:1011500056F8041B8DB2002DF4D0CC463C4600233B
:1011600001965CF8040B216886B28AB2000C05FB7C
:101170000622090C1A4405FB001101EB124192B240
:1011800042EA0142E64544F8042B4FEA1143E8D80D
:1011900007EB0B02019E536056F8041C090CD3D0D8
:1011A0003B68002248461D463C469446028801FBA7
:1011B00002C202EB15429BB243EA024344F8043BED
:1011C00050F8043B25684FEA134CABB201FB0C33DB
:1011D00003EB124386454FEA134CE7D807EB0B02AB
:1011E000B045536007F10407B2D8DDE902E4D44604
:1011F000002C02DC05E0013C03D05EF8043D002B2E
:10120000F9D06046CCF8104005B0BDE8F08F034B34
:10121000034862464FF4B17101F028F928590100E2
:101220009859010012F003032DE9F04114460746D6
:1012300032D10E46A4102CD03D6C002D35D004F0D8
:1012400001034FF0000864103BB92868B8B10546A7
:1012500004F001036410002BF7D02A4631463846CB
:10126000FFF72AFF36B17B6C716853F8212032609A
:1012700043F8216074B1064628680028E7D12A4661
:1012800029463846FFF718FF2860C0F80080054659
:10129000DEE73046BDE8F081013B0F4A52F82320DB
:1012A0000023FFF7C7FD0646C4E701213846FFF7D4
:1012B00091FD054640B1012340F27122C0E904329C
:1012C000002338640360BAE7044B05482A4640F21D
:1012D000451101F0CBF800BF6C5C010028590100FA
:1012E000985901002DE9F0470C4690462769A368FC
:1012F000496807EB62177D1C9D4206464FEA62195A
:1013000004DD5B009D4201F10101FADC3046FFF78C
:1013100061FD844600284ED0B9F1000F00F11400A1
:101320000BDD09F105020CEB82020346002143F8B4
:10133000041B9342FBD100EB8900216904F11403E3
:1013400018F01F0803EB81012DD0C8F12009864653
:101350004FF0000A1A6802FA08F242EA0A024EF84E
:10136000042B53F8042B994222FA09FAF2D80B1BEA
:10137000153B23F0030304F11502914238BF00230B
:10138000043340F803A0BAF1000F00D13D46736C5E
:101390006268CCF8105053F822102160604643F880
:1013A0002240BDE8F087043853F8042B40F8042F9E
:1013B0009942F9D8EAE7034B034862464FF4EF71CC
:1013C00001F054F828590100985901000B6984462E
:1013D0000069C01A16D10CF1140C14310CEB830205
:1013E00010B401EB830301E0944508D252F8044D98
:1013F00053F8041D8C42F7D005D24FF0FF305DF852
:10140000044B7047704701205DF8044B704700BFE4
:101410002DE9F04F13690E69F61A002E83B0894644
:10142000154614D101F1140702F1140101EB8301F7
:1014300007EB830301E09F427ED253F8044D51F83D
:10144000042D9442F7D080F08480012603E0FCDB79
:1014500000260D4691466968FFF7BCFC014600284E
:1014600000F084802F69C660D9F8100005F1140BD4
:1014700005F1100201F1140A09F1140505EB8000D1
:101480000BEB870ED0460023CDF804B0944655F8F8
:10149000046B5CF8042F1FFA86FB94B2A4EB0B04D8
:1014A0001C44330CC3EB124303EB2443A4B244EAC1
:1014B0000344A84248F8044B4FEA2343E7D82646A2
:1014C000A0EB0904153CDDF804B024F0030409F195
:1014D0001509484538BF00240BEB0402043204EB25
:1014E0000A05964505F10404104636D9AAEB0B0A05
:1014F00000EB0A0C50F8045B13FA85F62B442D0C14
:1015000005EB26459BB243EA05468645CCF80060CC
:101510004FEA2543ECD80EF1FF339B1A23F0030367
:10152000234426B953F8042D013F002AFAD0084677
:101530000F6103B0BDE8F08F0021FFF74BFC0146BF
:1015400068B101220023C0E90423084603B0BDE8C6
:10155000F08F2B464D4699467DE72B46E1E70A463C
:10156000064B074840F2372100F080FF0A46034B44
:10157000034840F2452100F079FF00BF28590100DF
:101580009859010082B08DED000B164B019A134063
:10159000A3F15073002B06DD00221946104641ECE2
:1015A000100B02B070475B42B3F1A07F4FEA2352A9
:1015B00009DA4FF40023134100221946104641EC8A
:1015C000100B02B07047A2F114031E2BDABF4FF0CC
:1015D0000042DA40012200231946104641EC100B6C
:1015E00002B070470000F07FF8B5046900F11406FE
:1015F00006EB8404271F54F8045C2846FFF7C4FC5C
:10160000C0F120030A280B6033DDBE42A0F10B01BC
:1016100019D254F8080C21B3C1F120078D4020FAEB
:1016200007F215438840A4F1080145F07F538E422C
:1016300043F4401319D254F80C1CF94008430246F5
:1016400043EC102BF8BD0B280AD005FA01F141F04C
:101650007F53002043F44013024643EC102BF8BDA7
:10166000002045F07F5343F44013024643EC102B17
:10167000F8BDC0F10B0C25FA0CF1BE4241F07F53CE
:1016800038BF54F8081C00F1150034BF21FA0CF1E2
:10169000002105FA00F0084343F44013024643ECEE
:1016A000102BF8BD2DE9F0430E4683B0012159EC13
:1016B000108B1546FFF78EFB0446002844D0C9F373
:1016C0000A57C9F313030FB143F480130193B8F120
:1016D000000313D101A8FFF781FC019B6361012185
:1016E000203021610FB3A7F233470744C0F1350022
:1016F00037602860204603B0BDE8F0836846009359
:10170000FFF76CFCDDE9002330B1C0F1200103FAE2
:1017100001F1C3400A430193002B0CBF01210221B8
:101720006261A3612161002FDDD104EB8103A0F28E
:10173000324030601869FFF727FCC0EB4110286089
:10174000204603B0BDE8F083034B0448224640F234
:101750000F3100F08BFE00BF28590100985901009D
:101760002DE9F04383B0884669468146FFF73CFF88
:1017700001A9404655EC104BFFF736FFD8F8103062
:10178000D9F81020D21ADDE900315B1A03EB4213BD
:10179000002B59EC108B0DDD05EB03573D464246FF
:1017A0004B462046294603F0F1FA41EC100B03B0FA
:1017B000BDE8F083C3EB033309EB03518946EEE741
:1017C000172870B506460CDD0A490B4D0020002491
:1017D00022462B4603F0B0F9013EF9D141EC100B43
:1017E00070BD064B03EBC003D3E9000141EC100BC5
:1017F00070BD00BF0000F03F00002440C85C010045
:101800000139491101F1010C116902F1140303EBD3
:1018100081018B4200EB8C0C16D210B5A0F1040EA6
:1018200053F8044B4EF8044F9942F9D8891A1539E8
:1018300021F0030104300844844504D9002340F812
:10184000043B8445FBD810BD844505D9002340F8EE
:10185000043B8445FBD87047704700BF03694A11B9
:10186000934200F1140009DA00EB830302E053F81D
:10187000042DAAB98342FAD80020704700EB8203F6
:10188000F8DD11F01F01F5D010B450F8224024FA11
:1018900001F28A40944209D001205DF8044B704760
:1018A0000120704753F8042D002AF5D18342F9D85E
:1018B00000205DF8044B7047242B2DE9F84F43D8E6
:1018C000012B41D0804649481F468E4675461EF87A
:1018D00001BB10F80B4014F00804F7D1BBF12D0F39
:1018E0006FD0BBF12B0F08BF9EF800B06FF000491E
:1018F00008BF05F1020E73BBBBF1300F4BD00A27B6
:101900003B460025B9FBF7F6284607FB169A05E08B
:101910003AD007FB00C001251EF801BBABF1300C2B
:10192000BCF1090F06D9ABF1410CBCF1190F19D864
:10193000ABF1370C63451EDDB5F1FF3FECD08642BD
:10194000E6D24FF0FF35E7E7F9F788FE162303608C
:101950000020BDE8F88F102BD3D1BBF1300F23D07E
:101960001F46CEE7ABF1610CBCF1190F03D8ABF108
:10197000570C6345E0DC6B1C2BD054B9002AE8D02F
:1019800085BB1160BDE8F88FE245C2DA4FF0FF3544
:10199000C2E74042F2E79EF8003003F0DF03582B25
:1019A00008D008273B46ACE79EF8000000F0DF00B7
:1019B0005828D5D110279EF801B03B460EF1020EF3
:1019C0009FE79EF800B04FF0004905F1020E012498
:1019D00091E72223C8F8003032B10EF1FF314846BA
:1019E0001160CFE78146F8E74846B2E7915D010014
:1019F000FFF762BF10B4054C8446134620685DF8BB
:101A0000044B0A466146FFF757BF00BFB4000020F1
:101A100010B4054C8446134620685DF8044B0A4612
:101A20006146FFF749BF00BFB400002010B4034C6B
:101A3000D4F8E040A4465DF8044B6047EC02002077
:101A400049B1FF2A02D80A70012070478A23036037
:101A50004FF0FF3070470846704700BFA9B37F2A98
:101A600025D9A2F18003B3F5F06F23D3A2F500636B
:101A7000B3F5784F2BD3A2F58033B3F5801F36D260
:101A8000900C002360F30703C2F3053060F30F23CB
:101A9000C2F3851060F3174302F03F0262F31F6345
:101AA00043F0803343F070030B60042070470A70EA
:101AB00001207047930902F03F0263F03F0362F098
:101AC0007F020B704A700220704708467047100B67
:101AD000C2F3851302F03F0260F01F0063F07F0342
:101AE00062F07F0208704B708A70032070478A236F
:101AF00003604FF0FF307047D3B2C2F30722F9B151
:101B0000DAB102F17F0C5FFA8CFCBCF11E0F06D932
:101B100002F1200C5FFA8CFCBCF10F0F12D8A3F17C
:101B2000400CBCF13E0F04D983F0800CBCF17C0F5B
:101B300008D80A704B70022070470B700120704764
:101B4000084670478A2303604FF0FF30704700BF9C
:101B5000D3B2C2F3072259B31AB302F1720C5FFA7F
:101B60008CFCBCF1010F25D902F15F0C5FFA8CFCF3
:101B7000BCF15D0F25D803F15F0C5FFA8CFCBCF162
:101B80005D0F11D943F0800303F15F0C5FFA8CFC09
:101B9000BCF15D0F15D88F2008704A708B70032040
:101BA00070470B70012070470A704B70022070471D
:101BB0000846704703F15F0C5FFA8CFCBCF15D0FC7
:101BC000F2D98A2303604FF0FF3070475FFA82FC3E
:101BD000C2F3072289B300B57AB91868F8B18E4606
:101BE00042F61B001A602EF8030B42238B70042070
:101BF000714681F800C05DF804FBA2F1210EBEF130
:101C00005D0F1CD8ACF1210EBEF15D0F17D818681E
:101C100038B102200A7081F801C05DF804FB012090
:101C2000E7E7012018600B4642F21B4023F8030B44
:101C30004220887005201946ECE7012070478A236E
:101C400003604FF0FF30D6E770B5054684B05BB156
:101C50001C460F4BD3F8E060234669B12846B047D5
:101C6000431C0FD004B070BD094B00F58274D3F84B
:101C7000E06023460029F1D10A46284601A9B04771
:101C8000431CEFD100228A2322602B6004B070BD78
:101C9000EC02002070B5134B84B01D686AB1124B82
:101CA0001446D3F8E06078B10A4623460146284638
:101CB000B047431C0FD004B070BD0B4B05F58274C8
:101CC000D3F8E0600028EFD12346024601A9284658
:101CD000B047431CEFD100228A2322602B6004B05E
:101CE00070BD00BFB4000020EC02002010B582B02F
:101CF000049CCDE900344FF0FF3300F03BFE02B00E
:101D000010BD00BF10B5074C82B084462068CDE9F5
:101D100000230A464FF0FF33614600F02BFE02B06D
:101D200010BD00BFB4000020014BC0F8EC3070477C
:101D3000905D01002DE9F0478F681D46AF420B68AA
:101D40000C46164636D8B1F90CC01CF4906F0ED173
:101D50003D46184631462A4600F0B2F9A368DF1B1B
:101D60002368A7602B4400202360BDE8F0874A6900
:101D7000096902EB42025F1A02EBD2726B1C52102D
:101D80003B44934292BF914699461A461CF4806F99
:101D9000804611D01146FEF7DDFA824600B3216974
:101DA0003A46F9F73BFEA38923F4906343F080039E
:101DB000A38105E02F46CCE700F0C0FB824658B176
:101DC0000AEB0703A9EB0707A760C4F810A0C4F843
:101DD000149023602F46BCE721694046FEF77AF94C
:101DE000A3890C2243F04003C8F800204FF0FF30D5
:101DF000A381BAE770B500293FD006460C4610B162
:101E0000436B002B3CD0636EB4F90C20DD0732D459
:101E1000900538D52146304600F054F8E36A05466F
:101E200033B1E169304698470028B8BF4FF0FF351D
:101E3000A3891A0639D4216B41B104F140039942B8
:101E400002D03046FEF746F900232363616C21B1CE
:101E50003046FEF73FF900236364FCF7DBF8636E5E
:101E60000022DB07A2811CD5A06DFCF711FFFCF757
:101E7000D7F8284670BD002ACCD10025284670BD71
:101E8000FCF7AAF8BFE7A06DFCF706FFB4F90C3029
:101E9000002BBFD1636ED907EFD4A06DFCF704FF10
:101EA000EBE7A06DFCF700FFDEE721693046FEF7A7
:101EB00011F9C0E7024B01461868FFF79BBF00BF4E
:101EC000B4000020B1F90C202DE9F04115070C46B3
:101ED00080464ED4496842F400630029A38163DD43
:101EE000A66A002E42D0002112F48052D8F8005089
:101EF000C8F8001065D1E16901234046B0470246A9
:101F0000501C6CD0B4F90C30A66A590705D563682B
:101F1000D21A236B0BB1E36BD21A0023E16940465E
:101F2000B047421CB4F90C304DD1D8F800101D292F
:101F300040D8304ACA40D7073CD52269226023F4F2
:101F40000062A281DE044FF00002626001D5002928
:101F500043D0216BC8F8005041B104F140039942CD
:101F600002D04046FEF7B6F8002323630020BDE808
:101F7000F0810E69002EF9D00D680E6092070CBF3B
:101F80004B690023AD1B8B600BE02B463246E169A9
:101F9000676A4046B847B0F1000CA5EB0C056644F3
:101FA00006DD002DF1DCE1E7E16B002998DCDDE7DF
:101FB000B4F90C3043F04003A3814FF0FF30BDE88B
:101FC000F081226DA1E72269226023F40062A281E0
:101FD000DB044FF000026260BBD52065B9E7D8F89A
:101FE0000030002B8ED01D2B01D0162BE0D1C8F86D
:101FF0000050BBE70100402038B50C46054608B14B
:10200000436B03B3B4F90C0088B1636EDB0701D4F2
:1020100081050FD528462146FFF754FF636EDA0786
:10202000054602D4A3899B0508D5284638BD054638
:10203000284638BDA06DFCF72FFEEBE7A06DFCF73E
:1020400033FE284638BDFBF7C7FFDBE750B338B592
:10205000174B1D6804460DB16B6BBBB1B4F90C0096
:1020600088B1636EDB0701D4810513D5284621466C
:10207000FFF728FF636EDA07054602D4A3899B05A4
:102080000CD5284638BD0546284638BD2846FBF7FE
:10209000A3FFE3E7A06DFCF7FFFDE7E7A06DFCF70A
:1020A00003FEEEE7034A04490448FBF7E3BF00BF21
:1020B000B4000020F8010020F91F0100B800002042
:1020C00088420DD98B1883420AD900EB020C5AB30F
:1020D000624613F801CD02F801CD9942F9D170475B
:1020E0000F2A0DD802F1FF3CF2B10CF1010C431E96
:1020F0008C4411F8012B03F8012F6145F9D1704789
:1021000040EA01039B07F0B50C460ED002F1FF3CFC
:1021100003460CF1010C013B8C4411F8012B03F830
:10212000012F6145F9D1F0BD7047A2F1100525F0EE
:102130000F0501F1200E01F11003AE4400F1100C67
:1021400053F8106C4CF8106C53F80C6C4CF80C6C89
:1021500053F8086C4CF8086C53F8046C4CF8046C99
:10216000103373450CF1100CEAD101EB050C0CF1A6
:102170001001054412F00C0F05F110038E4602F019
:102180000F0517D0043D25F00305AC440CF1140CE9
:10219000041B0F680E19043161453760F9D12C1DFD
:1021A00004EB0E01234402F0030202F1FF3C002A7B
:1021B000AFD1F0BD2A46F8E710B4114C84461CF8A4
:1021C000013B11F8010BE25C02F00302012A225CE0
:1021D00002F0030208BF2033012A06D01B1A0AD1DD
:1021E0000028ECD15DF8044B70472030181AE6D077
:1021F0005DF8044B704718465DF8044B704700BF0C
:10220000915D0100830710B5044610D10268A2F168
:10221000013323EA020313F0803F08D150F8042F62
:10222000A2F1013323EA020313F0803FF6D00378D2
:102230001BB110F8013F002BFBD1F9F791FB2046B1
:1022400010BD00BF11F0FF01034600F0030239D0BA
:102250008ABB026810B501EB012E0EEB0E4E8EEA22
:102260000204A2F1013323EA0203A4F1013222EABB
:102270000402134313F0803F0FD150F8044F84EA57
:102280000E0CA4F10133ACF1013223EA040322EA7B
:102290000C02134313F0803FEFD0037823B936E0EC
:1022A00010F8013F002B32D09942F9D110BD8A427B
:1022B00028D09A0729D01A7818460133002AF6D177
:1022C00010467047CAB90268A2F1013323EA02033B
:1022D00013F0803F08D150F8042FA2F1013323EA14
:1022E000020313F0803FF6D003785BB110F8013F92
:1022F000002BFBD17047990705D0184613F8012B26
:10230000002AF8D170471846DDE71846A1E71846BD
:1023100010BD00BF0B4632B913F8012B002AFBD1C8
:10232000581A01387047013A18D010B401E0013A48
:102330000AD013F8014B00F8014B002CF7D1581AC2
:1023400001385DF8044B7047027013F8012B002A26
:10235000FBD1581A01385DF8044B70470270DBE777
:1023600022B310B50244124C864604E01B1A1BD15E
:10237000B8B1964516D01EF8013B11F8010B14F8C0
:1023800003C00CF0030CBCF1010F14F800C00CF0FA
:10239000030C08BF2033BCF1010FE7D12030181A1D
:1023A000E7D010BD002010BD184610BD1046704784
:1023B000915D01008AB330B540EA0104A407864666
:1023C0000B4617D1032A07D814E0043A23D01CF097
:1023D000803F20D1032A26D9DEF80040194653F861
:1023E000045BA4F1013CAC4270462CEA040C0EF1F3
:1023F000040EEAD003780C78013AA34208BF121801
:1024000007D00CE06BB110F8013F11F8014FA34267
:1024100005D19042F6D1002030BD10467047181B00
:1024200030BD184630BD70461946E3E738B5074D54
:102430000022044608462A6002F0D2FE431C00D067
:1024400038BD2B68002BFBD0236038BD18B20020AC
:10245000082802D14FF48050704708B5F9F7FEF80C
:10246000162303604FF0FF3008BD00BF00B50B4CD2
:1024700025681446EE681A4685B003460D464CB1F1
:1024800007490095CDE901143046064900F0A8FA45
:1024900001F04EFE04490C46F3E700BFB4000020F3
:1024A000F4590100045A0100005A010008B513460E
:1024B0000022FFF7DBFF00BF38B5A1FB021454BBBD
:1024C000FDF748FF054650B350F8042C22F00302F4
:1024D000043A242A10D8132A13D91B2AC0E900442D
:1024E00016D9242AC0E902440ABFC0E9044400F115
:1024F000100200F1180205E02146F9F723F82846FA
:1025000038BD02460023C2E900339360284638BD37
:1025100000F10802F6E7F9F7A1F80C2303600025A3
:10252000284638BD0148FCF7B7BB00BF28B20020E1
:102530000148FCF7B9BB00BF28B200202DE9F84FD5
:102540001646002900F098800C46804606F10B05DF
:10255000FEF734FC54F8041C162DA4F1080921F0F0
:10256000030758D81025AE4258D8AF4262DABF4BA5
:102570009A6809EB070C6245DCF8040000F09280D1
:1025800020F0010363445B68DB076AD420F003009A
:102590003B189D4249DDCB0712D454F8083CA9EB07
:1025A000030BDBF8043023F00302104400EB070AAE
:1025B000554540F3F88007EB020A554540F3CE80BD
:1025C00031464046FDF7C6FE0646002800F022814F
:1025D00054F8043C23F001034B44A0F10802934259
:1025E00000F0B6803A1F242A00F2D980132A00F2A4
:1025F000A4800346224611681960516859609268A8
:102600009A6021464046FDF765FD4046FEF7DCFB3B
:102610003046BDE8F88F35F00705A4D50C23C8F87F
:10262000003000263046BDE8F88F1F46DCE9022363
:10263000D3609A60D9F804307A1B0F2A03F00103A3
:1026400009EB07001DD83B43C9F80430436843F049
:10265000010343604046FEF7B7FB26463046BDE81F
:10266000F88FC907ACD454F8083CA9EB030BDBF88E
:10267000043023F003029EE7BDE8F84F1146FDF752
:1026800069BE09EB05012B4342F00102C9F8043091
:102690004A60436843F00103436008314046FDF758
:1026A00019FDD7E720F00300C21905F1100C6245AF
:1026B00080F29180CA0783D454F8082CA9EB020B4E
:1026C000DBF8042022F00302104400EB070AD44593
:1026D0003FF771AF5E46DBF80C1056F8080F3A1F53
:1026E000242AC160886000F2AE80132A40F2A980DB
:1026F0002168CBF808106168CBF80C101B2A00F297
:10270000A88008340BF110022168116061685160E3
:10271000A16891600BEB0501AAEB050242F00102F2
:1027200099604A60DBF8043003F001032B43404614
:10273000CBF80430FEF748FB90E72368036063683A
:1027400043601B2A3CD804F1080200F1080352E759
:1027500050F8043C23F003031F446BE73A1F5E4626
:10276000DBF80C3056F8081F242ACB60996022D879
:10277000132A1ED92368CBF808306368CBF80C30D5
:102780001B2A3BD808340BF1100322681A606268D8
:102790005A60A2689A6034465746D9464AE72146AD
:1027A000FFF78EFC2DE7DCE902133A1FCB6099603E
:1027B000D5E73346E9E721463046FFF781FCEAE7F3
:1027C000A3688360E368C360242A27D004F1100261
:1027D00000F110030FE709EB05019960531B43F06B
:1027E00001034B6054F8043C03F001032B434046C3
:1027F00044F8043CFEF7E8FA26462FE7A368CBF836
:102800001030E368CBF81430242A10D010340BF1C8
:102810001803BAE74046FEF7D7FA02E723690361D7
:102820006169416104F1180200F11803E3E62369CC
:10283000CBF818306369CBF81C3018340BF1200347
:10284000A3E7324660E721463046FFF739FC074BE5
:1028500060E7A168CBF81010E168CBF81410242AC7
:1028600006D010340BF118024EE700BF80040020A0
:102870002269CBF818206269CBF81C2018340BF1C0
:10288000200241E72DE9F04F8BB0DDE91589149F57
:1028900002901C46B8F1000F4FD01668019600292F
:1028A000C34608BF4FF0FF37002503919246884684
:1028B00007E0019B53F8040B0193013C00284AD028
:1028C0006546AF4235D9002C33D0DBF80030049395
:1028D000DBF804300593019B02981A68D9F8E06090
:1028E0005B4606A9B047431C1CD000EB050CBC4559
:1028F00026D8039B002BDCD000280DDD08F1FF3229
:10290000019E06A902EB000E11F8013B02F8013FFF
:102910007245F9D101968044DAF800200432CAF8F1
:102920000020C6E7029B8A21002219600546CBF8E9
:10293000002028460BB0BDE8F08F00F58678ACE7A4
:10294000D846DDF810A0DDF814B02846C8E900AB81
:102950000BB0BDE8F08F0399D84609B1CAF8000062
:102960000CF1FF3500222846C8F800200BB0BDE866
:10297000F08F00BF10B584B0054C06980090079802
:102980000190044800680294FFF77CFF04B010BD7A
:10299000EC020020B400002000B585B0844600930E
:1029A0000648069B0193064B0068029313460A46AD
:1029B0006146FFF767FF05B05DF804FBB400002037
:1029C000EC0200200CB400B583B004AB53F8042B28
:1029D000019300F019F803B05DF804EB02B0704702
:1029E0000EB410B583B005AB064C53F8042B01931D
:1029F0000146206800F008F803B0BDE8104003B0BD
:102A0000704700BFB40000202DE9F04FC5B00DF1B4
:102A1000500A8346049116460021082250461C465F
:102A20000B93F8F78FFDBBF1000F04D0DBF83430C7
:102A3000002B00F05287049A536EB2F90C20D9078C
:102A400040F13D81970400F1D485049942F400528D
:102A500023F400538A814B6612B2130740F1BD8004
:102A6000049B1B69002B00F0B88002F01A030A2BAC
:102A700000F0C2800023CDE91933CDE90E331BAA43
:102A8000DFF8AC980D93189217460793B046454669
:102A9000D9F8E440FCF750F8CDF800A003462A46E8
:102AA00012A95846A047002800F0C580C0F2BB809C
:102AB000129A252A034601D01D44E9E7B5EB080622
:102AC000044640F0BC80002319468DF8433008933B
:102AD0004FF0FF326B78069205F10108039108F17F
:102AE0000108A3F120025A2A00F2FC80DFE812F06C
:102AF0008603FA00FA007F03FA00FA00FA005F0387
:102B0000FA00FA001F023102FA002A029803FA00C2
:102B100091035B005B005B005B005B005B005B00A4
:102B20005B005B00FA00FA00FA00FA00FA00FA0013
:102B3000FA00FA00FA00E5013503FA00FA00FA009B
:102B4000FA00FA00FA00FA00FA00FA00FA00370276
:102B5000FA00FA00FA00B701FA001203FA00FA00CC
:102B6000EB05FA00FA00FA00FA00FA00FA00FA009F
:102B7000FA00FA00FA00E5017201FA00FA00FA0020
:102B8000550372016E00FA003104FA0022040604B3
:102B9000B4036E00FA00B7016B007102FA00FA008C
:102BA0001C06FA006B00A3F130020023194618F846
:102BB000013B01EB810102EB4101A3F13002092A43
:102BC000F5D908918DE798F8003088E7039B43F02A
:102BD0002003039398F8003081E7049D5846294666
:102BE00001F028FA002841F02380B5F90C2002F00A
:102BF0001A030A2B7FF43EAF0499B1F90E30002B73
:102C0000FFF638AF4B6EDD0702D4900540F1BE876A
:102C1000049923463246584601F048F80790079831
:102C200045B0BDE8F08F082200215046F8F78AFC35
:102C300001231D442CE7B5EB0806044610D01A9B6F
:102C400033441A93199B0133072BC7E90086199364
:102C500010DC0837079B33440793002C7FF433AF15
:102C60001A9B002B40F09C87049B0022B3F90C3088
:102C7000199218E0049918AA584601F059F878B941
:102C80001BAFE7E7049918AA584601F051F800284D
:102C900000F08C80099B1BB109995846FDF71AFA80
:102CA000049BB3F90C30049A526ED00740F188802F
:102CB0005B0600F13881079845B0BDE8F08F9005BC
:102CC00040F1218191047FF5C0AE9F047FF5C5AE30
:102CD000049B9B899A0500F12681049B986DFBF764
:102CE000E3FF20E1002BBBD001228DF8AC300023A4
:102CF0008DF8433009930A9206932BAD0592DDE9D6
:102D000019C0039C14F084060146624626D1089B34
:102D1000059C1C1B002C00F314849DF8433003B366
:102D200000260C960132012301317B60072A0DF148
:102D30004303CDE919213B6000F39B8308370C9BCB
:102D400063B1013211AB02313B60072A4FF002033D
:102D5000CDE919217B6000F380830837802E00F0D5
:102D60000383069B0A981C1A002C00F33B830A9BE2
:102D70003D6001321944072ACDE919217B6000F337
:102D800061830837039B5C0705D5089B059A9C1A4D
:102D9000002C00F37A83DDE9073205988242ACBF4C
:102DA0009B181B18079300297FF46CAF002319931D
:102DB000099B1BB109995846FDF78CF91BAF66E6D4
:102DC0009A053FF575AF049CA06DFBF76DFFB4F954
:102DD0000C306DE7039B9B0640F128840B9B073367
:102DE00023F007031A465B6852F8084B0B921E4605
:102DF000002BC0F2C381069A002A07DB039B23F055
:102E00008003039354EA060300F0B0840A2C76F1A1
:102E1000000380F0028104F13003DBB2069A8DF8E2
:102E20000F31012A9DF84330B8BF01220592002BD3
:102E300000F0D383059B0133002505930123CDE9E1
:102E400009530DF20F15DDE91921039B13F08406D8
:102E5000084694463FF45BAF00230C9362E70B9E59
:102E600000228DF8432056F8042B0992002A00F026
:102E70005D85532B00F09484039B13F0100440F005
:102E80008F84069A002AC0F2658609982146FBF7CE
:102E90000FFF9DF84320099D002800F0AB86431BDF
:102EA0000A9323EAE3730593002A00F09D86013319
:102EB000069405930B960994C5E70B9A432B02F1F0
:102EC000040403D0039BD90640F146840822002164
:102ED00016A8F8F737FB0B9B2BAD1A68294616ABE3
:102EE0005846FEF7B1FE034601330A9000F06B86A8
:102EF0000A9B23EAE373059300230B948DF8433078
:102F000009930693FBE6049DA86DFBF7C5FEB5F992
:102F10000C206B6E95047FF598AD98047FF59DAD00
:102F2000D9077FF5D5AE4FF0FF330793C3E60B9B70
:102F300053F8042B0892002A80F25683089A0B93C8
:102F400052420892039B43F00403039398F8003025
:102F5000C5E52B238DF8433098F80030BFE5039B7F
:102F60009D0643F0100040F177830B9B073323F05D
:102F700007031A46596852F8083B0B9200228DF855
:102F80004320069A002AC0F2248320F49062039220
:102F900053EA010200F0318344AD03F00702DB087D
:102FA00043EA4173C908303253EA0104284605F860
:102FB000012DF2D1039B13F0010340F09F82069A8A
:102FC000099344AB5B1B9A42B8BF1A460A93059219
:102FD00095E603998E0600F1A38003990B9A11F0F0
:102FE000100652F8043B40F04083039911F0400171
:102FF00000F0D3849CB2069B8DF84360002B06DB67
:10300000039B23F080030393002C00F03D830A2CE4
:1030100076F100030B92FFF4FEAE039B099703F4D5
:1030200080630020CDF8308044A9DDF8348005901D
:103030001F46CDF828B025E00590A319BA4843F102
:103040000003A0FB032C2CF0030202EB9C029B1A52
:10305000E31A4FF0CC32A346B64602FB03F266F108
:10306000000600FB0622A3FB0043BBF10A0F13443A
:103070004FEA54047EF1000E294644EAC3744FEA35
:1030800053062ED3059BA84A01330593A31943F198
:1030900000031046A2FB032525F0030202EB950274
:1030A0009B1AE31AA3FB003266F1000500FB052220
:1030B0005B0843EAC27303EB8303A4EB430330339F
:1030C00001F8013C4D1E002FB7D0059898F800304C
:1030D0008342B1D1FF28AFD00A2C76F1000380F0F3
:1030E000808406999DF84330CDF8348044AA521B61
:1030F0009142B8BF1146DDE9097BDDF830800A92C4
:103100000591002B00F00A84059B013305930023F1
:10311000099398E6039B43F010019B0640F1A382BC
:103120000B9B073323F007031A465E6852F8084BDF
:103130000B9200238DF84330069B002BC0F2F782E0
:1031400021F08003039354EA06037FF45FAE069BED
:10315000002B00F09E8200245DE6039A42F01003EB
:10316000920600F19C820B9A04320B9903930C682F
:103170000B92E6173346002BBFF63DAE2D238DF89C
:103180004330069B644266EB4606002BFFF63EAEDC
:10319000039B23F08003039338E698F80030682BF4
:1031A00000F0F482039A42F04002039297E45846FA
:1031B000FBF7D6FC43680F931846FBF7E1FD0E9032
:1031C00004465846FBF7CCFC826898F800300D9214
:1031D000002C3FF484AC002A3FF481AC1278002A22
:1031E0003FF47DAC039A42F48062039277E4039B40
:1031F00043F00103039398F8003070E49DF84320F6
:1032000098F80030002A7FF46AAC20228DF8432021
:1032100065E4039B43F08003039398F800305EE479
:10322000404610F8013B2A2B00F0F684A3F130024F
:10323000092A98BF002100F2AE8410F8013B01EB8F
:10324000810102EB4101A3F13002092AF5D941EADB
:10325000E1720692804644E40B9C069D54F8043BC0
:10326000002247F630019542ADF844108DF8432016
:1032700018461146C0F25E82039A0B9422F0800237
:1032800042F002020392002B00F05B83274A03F016
:103290000F030224D35C05948DF80F31030943EA30
:1032A0000173080953EA111100F0D0840DF20F15D3
:1032B00003F00F011B09515C05F8011D43EA00737F
:1032C000000953EA0001F3D144AB5B1B1A460A9391
:1032D000069B9342B8BF1346059A002A00F0BA84B1
:1032E000DDE91921039C023314F084060593084696
:1032F000944600F07C820023099322E5039884061B
:103300003FF533AE03990B9A11F0100152F8043BCC
:1033100040F0B384039C14F0400000F01E839BB285
:103320000B9220462AE600BFCDCCCCCCA85701009A
:10333000EC020020039B990640F1B4810B9B079A95
:103340001B681A60D2175A600B9B04330B93FFF76C
:103350009EBB98F800306C2B00F00E82039A42F06E
:1033600010020392FFF7BBBB089B05981C1A002CA8
:103370007FF7F7AC102CB64B23DD38460C951026A2
:10338000049D1F4604E0103C102C00F1080015DDE0
:1033900001321031072AC0E90076CDE91921F2DDAA
:1033A00018AA2946584600F0C3FC00287FF472ACE6
:1033B000103C102CDDE919211BA8E9DC0C9D3B46D3
:1033C000074601322144072ACDE919213B607C6080
:1033D00000F39482069B0A981C1A002C07F1080738
:1033E0007FF7C5AC102C9A4B21DD384610261F46BE
:1033F00004E0103C102C00F1080016DD0132944B63
:103400001031072AC0E90036CDE91921F1DD049910
:1034100018AA584600F08CFC00287FF43BAC103C06
:10342000102CDDE919211BA8E8DC3B4607460132D8
:103430002144072ACDE919213B607C6000F3BC8060
:10344000083794E4049918AA584600F071FC002843
:103450007FF420AC1A991BAF94E4049918AA58463B
:1034600000F066FC00287FF415ACDDE919211BAFE4
:1034700074E4049918AA584600F05AFC00287FF416
:1034800009ACDDE919211BAF59E4102C199B714ED1
:1034900021DD3A4610253746049E04E0103C102CEE
:1034A00002F1080215DD01331031072BC2E9007566
:1034B000CDE91931F2DD18AA3146584600F038FC42
:1034C00000287FF4E7AB103C102CDDE919311BAA72
:1034D000E9DC3E46174601332144072BC7E9006467
:1034E000CDE919317FF757AC049918AA584600F076
:1034F0001FFC00287FF4CEAB1A994CE4302A00F070
:10350000F1813023069A05F8013C023844AB1B1ABE
:103510009A42B8BF1A460A9305460592DDE9192179
:10352000039B13F084060846944600F0A8839DF898
:103530004330002B00F0A683002309930C93FFF780
:10354000F1BB00230C93102C424E624623DD39461A
:1035500010232F46049D04E0103C102C01F10801BB
:1035600017DD01321030072AC1E90063CDE91920C7
:10357000F2DD18AA2946584600F0DAFB00287FF44D
:1035800089AB103C102CDDE919201BA94FF010036A
:10359000E7DC3D460F4601322118072ACDE9192103
:1035A0003E607C6000F36C819DF843600837002E1C
:1035B00036D00026FFF7B6BB049918AA584600F08B
:1035C000B7FB00287FF466ABDDE919211BAFFFF7DD
:1035D000CEBB20F480620392DEE4099301230A93B8
:1035E0000DF20F15FFF78BBB0B9398F80030FFF728
:1035F00076BA9D047FF531AA95E4069A002A7FF4F5
:10360000CBAC10F00102059200F0348130238DF82C
:103610000F31069B0A9209930DF20F15FFF76FBB4E
:103620000C9B002B7FF48DABFFF79BBB039B0B9A8E
:10363000DE0652F8044B3FF598AD039B5D0640F162
:10364000A18144F3C0360B9224B23346FFF7D0BBBE
:10365000945E0100A45E01000B9B1A1D0B9B0B9254
:103660001B6800218AE40B9B1A1D0B9B06981B68A4
:103670000026B0428DF843601C4657DB21F08001E4
:103680000391002B7FF4C3AC069B0B92002B7FF4BD
:1036900062AD0A930593099344ADFFF730BB0393E2
:1036A000FFF79CBB039BDA0600F13B81039B5B06A3
:1036B00000F13D82039B9E0540F133810B9B079AED
:1036C0001B681A7040E6AC4A039911F0200100F023
:1036D000B2800B99073121F007010846044649687A
:1036E00054F8080B0B94039E16F00105059500F0A5
:1036F000888050EA010440F0D98000238DF84330DF
:10370000069B002BC0F2B281039B23F490630393CA
:1037100000F0068213788DF80F31059B0A93069B03
:1037200005930DF20F15F9E6944ACDE70B9203913C
:10373000FFF76CBB03990B9441F002010391104613
:1037400003F00F018D4A1B09515C8DF80F1100F039
:10375000838202210591A9E50B9B1B688DF8AC3093
:10376000012305930A932BADFFF7C6BB002A00F097
:10377000CC813023FFF752BB039B43F0200303931C
:1037800008F1010898F80030FFF7A9B9039B43F44A
:103790000073039308F1010898F80030FFF79FB910
:1037A000099B13930822002116A8F7F7CBFE069B6E
:1037B000002BC0F265810024059725461F460EE0C8
:1037C0002BA95846FEF740FA411C284400F0FB8123
:1037D000B84209DC04F1040400F004820546139A9F
:1037E000125916AB002AEBD1059F069557E1089CAC
:1037F000059B0996E41A002C7FF7A3AA02230C93D9
:10380000A1E6059B8DF84330069B002B27DB039B2D
:1038100023F49063039350EA01035AD106990029D7
:1038200000F0648113788DF80F31012305910A931C
:103830000DF20F1572E60B9C54F8040B0B94039CCD
:1038400014F010047FF44FAF039911F0400100F021
:10385000C18080B2214646E743F002030393039CF4
:1038600000F00F0304F0020524F48064D35C059596
:10387000039411E5069B44ADCDE90933FFF73FBA48
:10388000049918AA584600F053FA064600287FF417
:1038900001AA9DF84330DDE91921002B68D10C9B6A
:1038A0001BAF002B7FF44DAAFFF75BBA8DF84530B4
:1038B00030238DF8443000238DF84330069B002BD5
:1038C000039BC9DB23F4906343F0020303930223B9
:1038D000059300F00F03D35CDEE45846FAF77CFB57
:1038E000FFF7A9B8069A44AB5B1B9A42B8BF1A46C9
:1038F0000A93002305920993FFF701BA049918AAC5
:10390000584600F015FA00287FF4C4A9DDE9192112
:103910001BAFFFF726BA099D06930B960993FFF795
:10392000EEB90B9B079A1B681A600DE5069B144DB8
:103930000B96062B28BF062305930A930692FFF7E2
:10394000DEB9002D00F0EE80302301228DF80F311A
:103950000A922B460DF20F15C2E4039C14F4007179
:1039600000F0F4800146DBB20B922046FFF706BB65
:103970001BAFFFF7D7B900BFBC570100A857010024
:10398000D0570100039B0B9298054ABF44F3C01621
:10399000E61764B23346FFF72BBA039810F40076AB
:1039A00040F0CA8006998DF8436000291C46FFF656
:1039B0002EAB039820F080000390002B7FF427AB00
:1039C0000B9200297FF4C7AB0A910591099144AD90
:1039D000FFF795B9039C14F4007414BFC0B22146DC
:1039E00081E60E9A0F99AD1A2846FAF7AFFB98F8C0
:1039F00001300BB108F10108A44AA31943F10003F7
:103A0000A2FB030C2CF0030000EB9C001B1AE31A32
:103A10004FF0CC3166F1000603FB01F102FB061109
:103A2000A3FB023001445B0843EAC1744E08A319AA
:103A300043F10003A2FB031020F0030101EB90010E
:103A40005B1AE31AA3FB023166F1000002FB0012CD
:103A50005B0843EAC27303EB8303A4EB43033033F5
:103A600005F8013C0120013DFFF730BB13788DF8CC
:103A70000F3126F480630A9503930DF20F154DE57F
:103A800016AB00930023194613AA5846FEF72EF9E9
:103A900003460133069000F09680099B1393069B22
:103AA00043B3632B6ADC002309932BAD082200216A
:103AB00016A8F7F747FD069C16AB009313AA2346FA
:103AC00029465846FEF712F9844240F0CF80069905
:103AD00000236B5421EAE17205929DF84320002AED
:103AE00068D1CDE90A160692FFF709B9069B0A9339
:103AF00044AD13E59DF84330099D0B96003B18BF7C
:103B000001230593069B0A9308E59DF843303BB1DA
:103B1000069BCDE90933012344AD0593FFF793B923
:103B2000069BB6E5069B0A9344ADFFF7D9BB0B9BFA
:103B3000079A1B681A8007E4DCB2069B8DF84310D5
:103B4000002B0E46BFF65CAAFFF761BA03980B92F2
:103B5000FFF714BA099D2846FBF712F99DF8433088
:103B60000A9020EAE0720592002B3FF4D4AE0132B5
:103B7000069405920B960994FFF765B9591C5846AF
:103B8000FCF7E8FB0546F0B109908FE7886DFBF77D
:103B90008BF8FFF73DB8002280460692FEF7A1BFE2
:103BA000049918AA584600F0C3F800283FF45CA80E
:103BB000FFF776B8069A0A92059A0B96013205929B
:103BC0000693FFF740B90498B0F90C30426E43F009
:103BD0004001D20781813FF5A6A999053FF5A3A928
:103BE000FFF7F1B8059F5AE7099D06920B960992D7
:103BF000FFF785B842B1069A0B96511C05910A92BF
:103C000006900990FFF71FB9069B09920B960A933D
:103C100005930692FFF773B80B9A98F8013052F8A3
:103C2000041B0B9241EAE17180460691FEF757BFF3
:103C3000049A536EDF073FF576A993899E053FF5F9
:103C400072A9906DFBF730F8FFF76DB90DF20F1503
:103C5000FFF73ABB059361E4069B0122012BB8BF35
:103C600001230DF20F150A92FFF73ABB049A9389CC
:103C700043F040039381FFF70DB80398EEE40996F3
:103C8000FFF745B80993FFF769B800BFCDCCCCCC9E
:103C900010B4054C8446134620685DF8044B0A4670
:103CA0006146FEF7B1BE00BFB40000202DE9F0412F
:103CB00098468B89ADF58D6D23F00203ADF80C307D
:103CC0001AAB009304934FF48063029305934B6EF9
:103CD0001993CB89ADF80E30CB6907934B6A0993E2
:103CE00016460023074616A80D460693FAF7CCFFA2
:103CF0003246434669463846FEF786FE061E6C4647
:103D000007DB69463846FEF777F9002818BF4FF001
:103D1000FF36A3895B0603D5AB8943F04003AB8133
:103D2000A06DFAF7B5FF30460DF58D6DBDE8F08159
:103D3000936810B514461BB918460023636010BD84
:103D400000F006F80023A3600023636010BD00BFED
:103D50009368002B00F0B6802DE9F04FB1F90CC04C
:103D60001CF0080F83B0174680460C4627D00B691D
:103D70002BB31CF002033D682DD04FF0000ADFF892
:103D8000B0B25646B9465E453346524628BF5B46FA
:103D90004046002E00F08580E169676AB847002838
:103DA00040F38880D9F808301B1A8244361AC9F8C3
:103DB0000830002BE7D1002003B0BDE8F08F21468A
:103DC000404600F037F9002879D1B4F90CC03D68BD
:103DD0001CF00203D1D11CF0010975D14E460097A9
:103DE000002E5AD01CF4007F2068D4F808B000F0F0
:103DF000B180B3455A4600F2DF801CF4906F32D098
:103E000023696269A0EB030A02EB420202EBD27261
:103E10000AF1010152103144914292BF93468B4600
:103E20000A461CF4806F00F0E58011464046FCF71E
:103E300091FA002800F0F580524621690190F7F7C9
:103E4000EDFDA289019B22F4906242F08002A281E2
:103E500003EB0A002361ABEB0A03C4F814B0A360C0
:103E60002060B346324649460192FEF729F9A3681D
:103E7000019AA3EB0B012368A1601344B2462360AF
:103E80000026009A9368A3EB0A03D1449360002BA9
:103E900091D0B4F90CC0002EA4D1D5E90096083514
:103EA0009EE7D5E900A608356DE721464046FEF7B6
:103EB000A3F870B3B4F90C3043F04003A3814FF082
:103EC000FF3079E7002070471E46BA4699461846EB
:103ED00000951F465EB3002831D04A46D4E904134A
:103EE0002068B24228BF3246884204D9A16803EB59
:103EF000010B5A4570DC934261DCE169656A3A4620
:103F00004046A847B0F1000BD4DDB9EB0B09CCD08B
:103F10000120DAF80830A3EB0B035F44A6EB0B0695
:103F2000CAF80830002B3FF446AF002ED3D1009AD8
:103F30005668134608320092002EF8D01F683246A9
:103F40000A213846FAF7B4FE002867D00130A0EB0A
:103F50000709C2E72369834216D36269B24213D8C4
:103F60006FF00043B34228BF3346E16993FBF2F39D
:103F7000676A02FB03F340464A46B847B0F1000ABD
:103F800098DDA6EB0A067CE7B345DA4628BFB246C1
:103F900052464946FEF794F8A3682268A3EB0A0349
:103FA0005244A3602260002BEBD121464046FEF72D
:103FB00023F80028E5D07DE7B346324653E739467B
:103FC0000192FEF77DF8019AA3689B1AA36023680B
:103FD00013442360934698E739465A46FEF770F833
:103FE00023685B44236021464046FEF705F800281D
:103FF0008BD05FE719464046FEF7A0FA034600283B
:104000007FF426AF21694046FCF764F8B4F90C3020
:104010000C22C8F8002023F080034DE7721C914663
:104020005CE70C22B4F90C30C8F8002044E700BF6C
:1040300000FCFF7F38B53D4B1B6805460C4613B1AD
:104040005A6B002A5AD0B4F90C3019070BD52269E3
:104050009AB113F0010221D19B075ABF6369A36093
:10406000A260002038BDDA0658D558071CD4226952
:1040700043F00803A381002AEBD1990528D518063F
:1040800003F0800124D4D80741D49D073CD5A26019
:104090000029E6D043F04003A38144E06369002295
:1040A0005B42A260A361DCE7216B51B104F14002E5
:1040B000914204D02846FCF70DF8B4F90C300022E8
:1040C000226322690021C4E9002123F02403CFE701
:1040D0002146284600F034F8B4F90C30226913F078
:1040E00001010FD0616900204942A060A161002A4E
:1040F000B7D103F080010029B3D0CBE71846F9F718
:104100006BFFA0E7980700D46169A160EFE76069E1
:10411000A2604042A0610029A3D0BBE7092243F07E
:1041200040032A60A3814FF0FF3038BDB400002067
:1041300008B5062000F038F9012001F049F800BF69
:1041400070B5B1F90C300C46990796B007D504F15B
:1041500043030122C4E90432236016B070BDB4F9F0
:104160000E10002905462BDB6A4600F0BFF9002837
:1041700024DB4FF480612846019EFCF7EBF8B4F98C
:104180000C30A0B306F4704643F080034FF4806215
:10419000B6F5005FA38120602061626135D1B4F97A
:1041A0000E10284600F0B8F9B4F90C3068B323F0CB
:1041B000030343F001034FF4006214E0B4F90C3040
:1041C00013F0800F0CBF4FF480664026314628461E
:1041D000FCF7C0F8B4F90C3048B1C4E9040643F068
:1041E0008003206000221343A38116B070BD9A059E
:1041F000B3D423F0030304F1430243F0020301218B
:10420000C4E90421A3812260A7E74FF40062EAE732
:1042100070B50C46B1F90E10002996B015461E4631
:1042200014DB6A4600F062F900280FDB019901F403
:104230007041A1F50051B1FA81F14FF48063490951
:104240004FF4006031602B6016B070BDA18911F091
:10425000800106D000214023084631602B6016B053
:1042600070BD4FF48063084631602B6016B070BD9E
:1042700038B5D0F838410CB1002038BD8021054652
:10428000FCF768F80246C5F8380130B1031F7C32EC
:1042900043F8044F9342FBD1EEE74FF0FF3038BDB7
:1042A00030B51F2983B0054609D8D0F838310C46FF
:1042B0005BB153F8240043F8242003B030BD16232B
:1042C00003604FF0FF3003B030BD80210192FCF756
:1042D00041F8019AC5F8380103460028F1D0011FC2
:1042E00000F17C05002041F8040FA942FBD1E0E772
:1042F0001F2938B505461FD8D0F838210C466AB1B9
:1043000052F8213053B1012B06D0591C10D0002196
:1043100042F8241020469847002038BD284600F077
:1043200023F9224601462846BDE8384000F006B988
:1043300016230360012038BD162303604FF0FF30C1
:1043400038BD00BF1F292BD8D0F8382138B50C460E
:1043500005469AB152F8243053B1591C0CD0012BA8
:1043600008D00025204642F824509847284638BDFA
:10437000012038BD032038BD022038BD8021FBF765
:10438000E9FF0246C5F8380138B1031F00217C302F
:1043900043F8041F8342FBD1DCE74FF0FF3038BD08
:1043A0004FF0FF30704700BF38B5144B1F281D6811
:1043B0001ED8D5F83821044662B152F820304BB1EE
:1043C000012B05D0591C0FD0002142F8201098472E
:1043D000002038BD284600F0C7F82246014628468E
:1043E000BDE8384000F0AAB816232B60012038BD84
:1043F00016232B604FF0FF3038BD00BFB400002003
:10440000124B1F2870B51E6809D8D6F838310446FB
:104410000D464BB153F8240043F8245070BD1623C9
:1044200033604FF0FF3070BD80213046FBF792FFC4
:104430000346C6F838010028F3D0021F00217C3063
:1044400042F8041F8242FBD1E4E700BFB400002021
:1044500038B50C4B1D68D5F838410CB1002038BD7B
:1044600080212846FBF776FFC5F8380138B1031FD5
:1044700000F17C0243F8044F9342FBD1EEE74FF08A
:10448000FF3038BDB400002038B5174B1F281D6819
:1044900027D8D5F8382104469AB152F8243053B1C0
:1044A000591C0CD0012B08D00025204642F824507E
:1044B0009847284638BD012038BD032038BD02206A
:1044C00038BD80212846FBF745FF0246C5F8380174
:1044D00038B1031F00217C3043F8041F8342FBD115
:1044E000DBE74FF0FF3038BDB400002070B50C465C
:1044F000084D03460026204611461C462E6000F05B
:1045000083FE431C00D070BD2B68002BFBD02360C2
:1045100070BD00BF18B2002038B5074D0022044618
:1045200008462A6000F058FE431C00D038BD2B68B6
:10453000002BFBD0236038BD18B2002070B50C46AC
:10454000084D03460026204611461C462E6000F00A
:104550004FFE431C00D070BD2B68002BFBD02360A6
:1045600070BD00BF18B2002000F052BE70B54FF011
:10457000FF0C4CF4E06C1CEA11541DBF1CEA1355EF
:1045800094EA0C0F95EA0C0F00F0DEF82C4481EA57
:10459000030621EA4C5123EA4C5350EA013518BF77
:1045A00052EA033541F4801143F4801338D0A0FB64
:1045B00002CE4FF00005E1FB02E506F00042E0FB11
:1045C00003E54FF00006E1FB03569CF0000F18BF17
:1045D0004EF0010EA4F1FF04B6F5007F64F54074BF
:1045E00004D25FEA4E0E6D4146EB060642EAC62152
:1045F00041EA55514FEAC52040EA5E504FEACE2EBF
:10460000B4F1FD0C88BFBCF5E06F1ED8BEF1004FC1
:1046100008BF5FEA500E50F1000041EB045170BD3D
:1046200006F0004646EA010140EA020081EA030181
:10463000B4EB5C04C2BFD4EB0C0541EA045170BD7D
:1046400041F480114FF0000E013C00F3AB8014F1F7
:10465000360FDEBF002001F0004170BDC4F1000440
:10466000203C35DA0C341BDC04F11404C4F12005C1
:1046700000FA05F320FA04F001FA05F240EA02001C
:1046800001F0004221F0004110EBD37021FA04F652
:1046900042EB06015EEA430E08BF20EAD37070BD0C
:1046A000C4F10C04C4F1200500FA04F320FA05F06B
:1046B00001FA04F240EA020001F0004110EBD3706D
:1046C00041F100015EEA430E08BF20EAD37070BDDD
:1046D000C4F1200500FA05F24EEA020E20FA04F3B6
:1046E00001FA05F243EA020321FA04F001F0004165
:1046F00021FA04F220EA020000EBD3705EEA430ED6
:1047000008BF20EAD37070BD94F0000F0FD101F004
:104710000046400041EB010111F4801F08BF013C3D
:10472000F7D041EA060195F0000F18BF704703F07B
:104730000046520043EB030313F4801F08BF013D02
:10474000F7D043EA0603704794EA0C0F0CEA1355BE
:1047500018BF95EA0C0F0CD050EA410618BF52EA78
:104760004306D1D181EA030101F000414FF000007E
:1047700070BD50EA410606BF1046194652EA43068C
:1047800019D094EA0C0F02D150EA013613D195EA00
:104790000C0F05D152EA03361CBF104619460AD148
:1047A00081EA030101F0004141F0FE4141F4700152
:1047B0004FF0000070BD41F0FE4141F4780170BD42
:1047C00081F0004102E000BF83F0004330B54FEAC2
:1047D00041044FEA430594EA050F08BF90EA020F2F
:1047E0001FBF54EA000C55EA020C7FEA645C7FEAC2
:1047F000655C00F0E2804FEA5454D4EB5555B8BFE5
:104800006D420CDD2C4480EA020281EA030382EA55
:10481000000083EA010180EA020281EA0303362DE7
:1048200088BF30BD11F0004F4FEA01314FF4801CBA
:104830004CEA113102D0404261EB410113F0004FCC
:104840004FEA03334CEA133302D0524263EB430383
:1048500094EA050F00F0A780A4F10104D5F1200E21
:104860000DDB02FA0EFC22FA05F2801841F100017C
:1048700003FA0EF2801843FA05F359410EE0A5F150
:1048800020050EF1200E012A03FA0EFC28BF4CF081
:10489000020C43FA05F3C01851EBE37101F0004537
:1048A00007D54FF0000EDCF1000C7EEB00006EEB44
:1048B0000101B1F5801F1BD3B1F5001F0CD34908CE
:1048C0005FEA30004FEA3C0C04F101044FEA445225
:1048D00012F5800F80F09A80BCF1004F08BF5FEAAC
:1048E000500C50F1000041EB045141EA050130BD8C
:1048F0005FEA4C0C404141EB0101013C28BFB1F59E
:10490000801FE9D291F0000F04BF01460020B1FAE8
:1049100081F308BF2033A3F10B03B3F120020CDABB
:104920000C3208DD02F1140CC2F10C0201FA0CF099
:1049300021FA02F10CE002F11402D8BFC2F1200CFE
:1049400001FA02F120FA0CFCDCBF41EA0C019040B4
:10495000E41AA2BF01EB0451294330BD6FEA0404FD
:104960001F3C1CDA0C340EDC04F11404C4F12002E8
:1049700020FA04F001FA02F340EA030021FA04F3FA
:1049800045EA030130BDC4F10C04C4F1200220FA51
:1049900002F001FA04F340EA0300294630BD21FA8F
:1049A00004F0294630BD94F0000F83F4801306BF55
:1049B00081F480110134013D4EE77FEA645C18BF49
:1049C0007FEA655C29D094EA050F08BF90EA020FE0
:1049D00005D054EA000C04BF1946104630BD91EAD8
:1049E000030F1EBF0021002030BD5FEA545C05D1DB
:1049F0004000494128BF41F0004130BD14F580041A
:104A00003CBF01F5801130BD01F0004545F0FE418D
:104A100041F470014FF0000030BD7FEA645C1ABFC2
:104A2000194610467FEA655C1CBF0B46024650EAF9
:104A3000013406BF52EA033591EA030F41F4002125
:104A400030BD00BF90F0000F04BF0021704730B5AB
:104A50004FF4806404F132044FF000054FF0000180
:104A600050E700BF90F0000F04BF0021704730B541
:104A70004FF4806404F1320410F0004548BF404216
:104A80004FF000013EE700BF42004FEAE2014FEA6B
:104A900031014FEA02701FBF12F07F4393F07F4F46
:104AA00081F06051704732F07F4208BF704793F049
:104AB0007F4F04BF41F40021704730B54FF460745C
:104AC00001F0004521F000411CE700BF50EA01025F
:104AD00008BF704730B54FF000050AE050EA010208
:104AE00008BF704730B511F0004502D5404261EB78
:104AF00041014FF4806404F132045FEA915C3FF4B9
:104B0000D8AE4FF003025FEADC0C18BF03325FEA55
:104B1000DC0C18BF033202EBDC02C2F1200300FA06
:104B200003FC20FA02F001FA03FE40EA0E0021FA2B
:104B300002F11444BDE600BF70B54FF0FF0C4CF419
:104B4000E06C1CEA11541DBF1CEA135594EA0C0FCB
:104B500095EA0C0F00F0DEF82C4481EA030621EA06
:104B60004C5123EA4C5350EA013518BF52EA033541
:104B700041F4801143F4801338D0A0FB02CE4FF0F3
:104B80000005E1FB02E506F00042E0FB03E54FF023
:104B90000006E1FB03569CF0000F18BF4EF0010E1B
:104BA000A4F1FF04B6F5007F64F5407404D25FEA17
:104BB0004E0E6D4146EB060642EAC62141EA5551CA
:104BC0004FEAC52040EA5E504FEACE2EB4F1FD0C0C
:104BD00088BFBCF5E06F1ED8BEF1004F08BF5FEA8A
:104BE000500E50F1000041EB045170BD06F000463C
:104BF00046EA010140EA020081EA0301B4EB5C04E9
:104C0000C2BFD4EB0C0541EA045170BD41F48011E0
:104C10004FF0000E013C00F3AB8014F1360FDEBF05
:104C2000002001F0004170BDC4F10004203C35DAE1
:104C30000C341BDC04F11404C4F1200500FA05F364
:104C400020FA04F001FA05F240EA020001F0004205
:104C500021F0004110EBD37021FA04F642EB06017B
:104C60005EEA430E08BF20EAD37070BDC4F10C04A5
:104C7000C4F1200500FA04F320FA05F001FA04F269
:104C800040EA020001F0004110EBD37041F1000155
:104C90005EEA430E08BF20EAD37070BDC4F1200560
:104CA00000FA05F24EEA020E20FA04F301FA05F2C8
:104CB00043EA020321FA04F001F0004121FA04F270
:104CC00020EA020000EBD3705EEA430E08BF20EA40
:104CD000D37070BD94F0000F0FD101F0004640007A
:104CE00041EB010111F4801F08BF013CF7D041EAFC
:104CF000060195F0000F18BF704703F00046520000
:104D000043EB030313F4801F08BF013DF7D043EAD0
:104D10000603704794EA0C0F0CEA135518BF95EA86
:104D20000C0F0CD050EA410618BF52EA4306D1D10D
:104D300081EA030101F000414FF0000070BD50EA2C
:104D4000410606BF1046194652EA430619D094EAB6
:104D50000C0F02D150EA013613D195EA0C0F05D1A0
:104D600052EA03361CBF104619460AD181EA0301F4
:104D700001F0004141F0FE4141F470014FF00000AC
:104D800070BD41F0FE4141F4780170BD70B54FF047
:104D9000FF0C4CF4E06C1CEA11541DBF1CEA1355C7
:104DA00094EA0C0F95EA0C0F00F0A7F8A4EB0504A9
:104DB00081EA030E52EA03354FEA013100F08880A0
:104DC0004FEA03334FF0805545EA131343EA126369
:104DD0004FEA022245EA111545EA10654FEA00261E
:104DE0000EF000419D4208BF964244F1FD0404F5D7
:104DF000407402D25B084FEA3202B61A65EB030533
:104E00005B084FEA32024FF480104FF4002CB6EBEF
:104E1000020E75EB030E22BFB61A754640EA0C006F
:104E20005B084FEA3202B6EB020E75EB030E22BFAF
:104E3000B61A754640EA5C005B084FEA3202B6EBF0
:104E4000020E75EB030E22BFB61A754640EA9C00AF
:104E50005B084FEA3202B6EB020E75EB030E22BF7F
:104E6000B61A754640EADC0055EA060E18D04FEA3D
:104E7000051545EA16754FEA06164FEAC30343EADD
:104E800052734FEAC2025FEA1C1CC0D111F4801FAA
:104E90000BD141EA00014FF000004FF0004CB6E7A3
:104EA00011F4801F04BF01430020B4F1FD0C88BF42
:104EB000BCF5E06F3FF6AFAEB5EB030C04BFB6EB4D
:104EC000020C5FEA500C50F1000041EB045170BD40
:104ED0000EF0004E4EEA113114EB5C04C2BFD4EB6D
:104EE0000C0541EA045170BD41F480114FF0000EF1
:104EF000013C90E645EA060E8DE60CEA135594EA6D
:104F00000C0F08BF95EA0C0F3FF43BAF94EA0C0F6F
:104F10000AD150EA01347FF434AF95EA0C0F7FF4E4
:104F200025AF104619462CE795EA0C0F06D152EA38
:104F300003353FF4FDAE1046194622E750EA41061C
:104F400018BF52EA43067FF4C5AE50EA41047FF42D
:104F50000DAF52EA43057FF4EBAE12E74FF0FF3C92
:104F600006E000BF4FF0010C02E000BF4FF0010C63
:104F70004DF804CD4FEA410C7FEA6C5C4FEA430CDC
:104F800018BF7FEA6C5C1BD001B050EA410C0CBF2B
:104F900052EA430C91EA030F02BF90EA020F00208D
:104FA000704710F1000F91EA030F58BF994208BFF4
:104FB00090422CBFD8176FEAE37040F001007047B1
:104FC0004FEA410C7FEA6C5C02D150EA013C07D108
:104FD0004FEA430C7FEA6C5CD6D152EA033CD3D053
:104FE0005DF8040B704700BF8446104662468C464D
:104FF0001946634600E000BF01B5FFF7B7FF002880
:1050000048BF10F1000F01BD4DF808EDFFF7F4FFA8
:105010000CBF012000205DF808FB00BF4DF808ED33
:10502000FFF7EAFF34BF012000205DF808FB00BF56
:105030004DF808EDFFF7E0FF94BF012000205DF878
:1050400008FB00BF4DF808EDFFF7CEFF94BF01202D
:1050500000205DF808FB00BF4DF808EDFFF7C4FF26
:1050600034BF012000205DF808FB00BF4FEA410C6F
:105070007FEA6C5C02D150EA013C0AD14FEA430C52
:105080007FEA6C5C02D152EA033C02D14FF000008F
:1050900070474FF0010070474FEA410212F50012CD
:1050A00015D211D56FF47873B3EB625212D94FEA6F
:1050B000C12343F0004343EA505311F0004F23FA59
:1050C00002F018BF404270474FF00000704750EAAE
:1050D000013005D111F0004008BF6FF0004070476B
:1050E0004FF00000704700BF4A0011D212F50012C5
:1050F00011D20DD56FF47873B3EB62520ED44FEA30
:10510000C12343F0004343EA505323FA02F07047AF
:105110004FF00000704750EA013002D14FF0FF30ED
:1051200070474FF0000070474FEA4102B2F1E04390
:1051300024BFB3F5001CDCF1FE5C0DD901F0004C7E
:105140004FEAC0024CEA5070B2F1004F40EB8300CE
:1051500008BF20F00100704711F0804F21D113F1FA
:105160003872BCBF01F00040704741F480114FEA33
:105170005252C2F11802C2F1200C10FA0CF320FABC
:1051800002F018BF40F001004FEAC1234FEAD323D9
:1051900003FA0CFC40EA0C0023FA02F34FEA430343
:1051A000CCE77FEA625307D150EA01331EBF4FF0CC
:1051B000FE4040F44000704701F0004040F0FE40E7
:1051C00040F40000704700BF5FF800F0CFFADDBA8E
:1051D0005FF800F0CFFADDBA5FF800F0CFFADDBA81
:1051E0005FF800F0CFFADDBA5FF800F0CFFADDBA71
:1051F0005FF800F0CFFADDBA5FF800F0CFFADDBA61
:105200005FF800F0CFFADDBA5FF800F0CFFADDBA50
:105210005FF800F0CFFADDBA4745535455524520A8
:10522000434F4D4D414E4420464F554E44000000E3
:105230002573000068656C6C6F2C20776F726C644E
:105240002100000025690A002569200A00000000ED
:105250004D6573736167652053697A65205A65727D
:105260006F00000053656E74206765737475726516
:1052700020636F6D6D616E643A20547970653D25D1
:10528000642C2052504D3D25640A0000200000008F
:1052900046460000466F7277617264004652000015
:1052A000466F72776172642052696768740000000B
:1052B000524600005265766572736520466F7277BC
:1052C0006172640052520000526576657273650027
:1052D00053544F500000000053746F7070696E6734
:1052E000000000004C5350454544000053657420B5
:1052F0004C6566742053706565643A2025660A0023
:105300005253504545440000536574205269676804
:10531000742053706565643A2025660A0000000019
:105320004F444F4D000000004F646F6D65747279FB
:105330003A20257300000000524F42535045454427
:1053400000000000526F626F742053706565643A0C
:105350002025660A00000000414E47444953500092
:10536000416E67756C617220446973706C6163652E
:105370006D656E743A2025660A0000004C53504457
:10538000000000004C6566742053706565643A2027
:1053900025660A00525350440000000052696768B5
:1053A000742053706565643A2025660A0000000089
:1053B000556E6B6E6F776E20636F6D6D616E643AC4
:1053C0002025730A00000000496E76616C69642034
:1053D000636F6D6D616E6420666F726D61743A20EB
:1053E00025730A005541525420436F6D6D616E6400
:1053F000204D6F64653A2053656E642046462C202C
:1054000046522C2052462C2052522C2053544F509E
:105410002C204C5350454544203C76616C75653ECC
:105420002C20525350454544203C76616C75653EB6
:105430002C204F444F4D2C20524F42535045454451
:105440002C20414E47444953502C204C5350442C5F
:10545000205253500A00000015160F1813000000C8
:105460001C0B1F251E0000000E17000030313233C8
:105470003435363738396162636465660000000090
:1054800030780000502C25662C25662C25660A00F5
:105490005254582056352E352E340000000000009E
:1054A0000000000008AA00204400000090AA00208C
:1054B00000020000010000000000000000000000E9
:1054C00000000000000000004CAA00204400000082
:1054D00090AC002000020000280000000000000046
:1054E00000000000000000000000000090AE00205E
:1054F00034000000C4AE0020500000000100000095
:10550000E803000000000000C8A90020100000000F
:10551000000000000000000000000000000000008B
:105520000000000000000000C829002000800000EA
:10553000000000000000000000000000000000006B
:10554000000000000000000000000000000000005B
:10555000000C00009C540100C0540100957900002B
:1055600061790000E454010004000000AC55010022
:10557000000000000000000000000000000000002B
:10558000000000000000000000000000000000001B
:10559000000000000000000000000000000000000B
:1055A00000000000000000000000000000000000FB
:1055B000000000000000000000000000000000806B
:1055C000FB21F93FFB2109407CD91240FB21194006
:1055D0007A6A1F407CD92240BBFD2540FB2129402F
:1055E0003A462C407A6A2F405C4731407CD93240A1
:1055F0009C6B3440BBFD3540DB8F3740FB2139408D
:105600001BB43A403A463C405AD83D407A6A3F4043
:105610004C7E40405C4741406C1042407CD9424047
:105620008CA243409C6B4440AC344540BBFD45409C
:10563000CBC64640DB8F4740EB584840FB214940F2
:1056400083F9A200444E6E00FC291500D1572700B3
:10565000DD34F50062DBC0003C99950041904300C9
:105660006351FE00BBDEAB00B761C5003A6E24009B
:10567000D24D42004906E00009EA2E001C92D100FA
:10568000EB1DFE0029B11C00E83EA700F5358200A5
:1056900044BB2E009CE98400B4267000417E5F006C
:1056A000D6913900538339009CF439008B5F840014
:1056B00028F9BD00F81F3B00DEFF97000F9805009A
:1056C000112FEF000A5A8B006D1F6D00CF7E360040
:1056D00009CB2700464FB7009E663F002DEA5F00CA
:1056E000BA277500E5EBC7003D7BF100F7390700ED
:1056F00092528A00FB6BEA001FB15F00085D8D00CB
:10570000300356007BFC4600F0AB6B0020BCCF00A2
:1057100036F49A00E3A91D005E619100081BE600C3
:1057200085996500A0145F008D40680080D8FF0057
:1057300027734D0006063100CA561500C9A873002C
:105740007BE260006B8CC00000000040FB21F93F51
:10575000000000002D44743E000000809846F83C94
:105760000000006051CC783B00000080831BF039C2
:105770000000004020257A38000000802282E336B5
:10578000000000001DF36935020000000300000066
:105790000400000006000000494E4600696E6600E5
:1057A0004E414E006E616E00303132333435363743
:1057B000383961626364656600000000303132335D
:1057C00034353637383941424344454600000000FD
:1057D000286E756C6C290000300000002F0000005E
:1057E000504F5349580000004300000041534349C3
:1057F0004900000049534F2D383835392D3100000C
:10580000636A6B73696E676C65000000636A6B6E38
:105810006172726F77000000636A6B77696465007C
:105820005554462D380000005554463800000000FD
:105830004A495300455543004A5000004555434AE4
:1058400050000000534A49530000000049534F00E4
:10585000383835390000000049534F2D3838353974
:105860002D000000435000004B4F4938000000005D
:1058700043503230383636004350323138363600F5
:10588000435031303300000047454F524749414EA5
:105890000000000050530000435031303100000040
:1058A0005054313534000000435031303200000094
:1058B000544953003632300043503837340000002A
:1058C0004C435F414C4C00004C414E4700000000EF
:1058D0002E0000004C435F434F4C4C4154450000A8
:1058E0004C435F4354595045000000004C435F4D0A
:1058F0004F4E4554415259004C435F4E554D455211
:10590000494300004C435F54494D45004C435F4DB3
:105910004553534147455300496E66696E69747932
:10592000000000004E614E0042616C6C6F6320739A
:105930007563636565646564000000002F646174CD
:10594000612F6A656E6B696E732F776F726B737000
:105950006163652F474E552D746F6F6C6368616985
:105960006E2F61726D2D31342F7372632F6E6577D8
:105970006C69622D63796777696E2F6E65776C69E4
:10598000622F6C6962632F7374646C69622F647434
:105990006F612E63000000002F646174612F6A65DF
:1059A0006E6B696E732F776F726B73706163652FA7
:1059B000474E552D746F6F6C636861696E2F61720D
:1059C0006D2D31342F7372632F6E65776C69622D84
:1059D00063796777696E2F6E65776C69622F6C6982
:1059E00062632F7374646C69622F6D707265632ECD
:1059F000630000002C2066756E6374696F6E3A2038
:105A000000000000617373657274696F6E20222557
:105A10007322206661696C65643A2066696C652052
:105A2000222573222C206C696E6520256425732540
:105A3000730A0000303030303030303030303030A9
:105A40003030303020202020202020202020202016
:105A50002020202043000000000000000000000083
:105A60000000000000000000000000000000000036
:105A700000000000430000000000000000000000E3
:105A80000000000000000000000000000000000016
:105A900000000000430000000000000000000000C3
:105AA00000000000000000000000000000000000F6
:105AB00000000000430000000000000000000000A3
:105AC00000000000000000000000000000000000D6
:105AD0000000000043000000000000000000000083
:105AE00000000000000000000000000000000000B6
:105AF0000000000043000000000000000000000063
:105B00000000000000000000000000000000000095
:105B10000000000043000000000000000000000042
:105B20000000000000000000000000000000000075
:105B300000000000411A01000109010000000000FE
:105B4000905D0100D0580100005A0100005A010088
:105B5000005A0100005A0100005A0100005A0100D9
:105B6000005A0100005A0100005A0100FFFFFFFF28
:105B7000FFFFFFFFFFFFFFFFFFFF0000010041539A
:105B80004349490000000000000000000000000040
:105B90000000000000000000000000000000415371
:105BA0004349490000000000000000000000000020
:105BB00000000000000000000000000000000000E5
:105BC000C0580100D4580100E0580100EC58010011
:105BD000F8580100045901000C59010004000000AC
:105BE0000000050000040101010101060106000496
:105BF000000000000000000000000404000000009D
:105C0000060202020202060206060604060606064E
:105C10000606060606060303060606000000000048
:105C20000000000002000000000000000005040465
:105C30000404040704070003000000000000000043
:105C4000000001010000000007010101010107013E
:105C500007070706070707070707070707070000E3
:105C6000070707000000000000000000050000001A
:105C7000190000007D000000BC89D897B2D29C3C7E
:105C800033A7A8D523F649393DA7F444FD0FA53223
:105C90009D978CCF08BA5B25436FAC642806C80A71
:105CA0000080E03779C34143176E05B5B5B8934618
:105CB000F5F93FE9034F384D321D30F94877825AE4
:105CC0003CBF737FDD4F1575000000000000F03F02
:105CD00000000000000024400000000000005940C7
:105CE0000000000000408F40000000000088C3401A
:105CF00000000000006AF8400000000080842E418F
:105D000000000000D01263410000000084D79741DA
:105D10000000000065CDCD41000000205FA00242E0
:105D2000000000E876483742000000A2941A6D4255
:105D3000000040E59C30A2420000901EC4BCD64248
:105D400000003426F56B0C430080E03779C34143F3
:105D500000A0D8855734764300C84E676DC1AB4369
:105D6000003D9160E458E143408CB5781DAF154487
:105D700050EFE2D6E41A4B4492D54D06CFF0804462
:105D8000F64AE1C7022DB544B49DD9794378EA4477
:105D900000202020202020202020282828282820FB
:105DA00020202020202020202020202020202020F3
:105DB000208810101010101010101010101010105B
:105DC000100404040404040404040410101010104B
:105DD0001010414141414141010101010101010115
:105DE0000101010101010101010101011010101067
:105DF00010104242424242420202020202020202E7
:105E0000020202020202020202020202101010103A
:105E10002000000000000000000000000000000062
:105E20000000000000000000000000000000000072
:105E30000000000000000000000000000000000062
:105E40000000000000000000000000000000000052
:105E50000000000000000000000000000000000042
:105E60000000000000000000000000000000000032
:105E70000000000000000000000000000000000022
:105E80000000000000000000000000000000000012
:105E900000000000303030303030303030303030C2
:105EA00030303030202020202020202020202020B2
:0C5EB000202020207C20FF7F010000004B
:105EBC0001000000010000000000803F0000803F56
:105ECC0090540100D4B3FB0200000000000000005D
:105EDC0000000000000000000000000000000000B6
:105EEC0000000000000000000000000000000000A6
:105EFC000000000000000000000000000000000096
:105F0C000000000000000000000000000000000085
:105F1C000000000000000000000000000000000075
:105F2C000000000000000000000000000000000065
:105F3C000000000000000000000000000000000055
:105F4C000000000000000000000000000000000045
:105F5C000000000000000000000000000000000035
:105F6C0000000000B80000200000000018AF002066
:105F7C0080AF0020E8AF002000000000000000000F
:105F8C000000000000000000000000000000000005
:105F9C0000000000000000000000000000000000F5
:105FAC0000000000000000000000000000000000E5
:105FBC0000000000000000000000000000000000D5
:105FCC0000000000000000000000000000000000C5
:105FDC0000000000000000000000000000000000B5
:105FEC0000000000000000000000000000000000A5
:105FFC000000000000000000000000000000000095
:10600C0001000000000000000E33CDAB34126DE631
:10601C00ECDE05000B00000000000000000000009A
:10602C000000000000000000000000000000000064
:10603C000000000000000000000000000000000054
:10604C000000000000000000000000000000000044
:10605C000000000000000000000000000000000034
:10606C000000000000000000000000000000000024
:10607C000000000000000000000000000000000014
:10608C000000000000000000000000000000000004
:10609C0000000000000000000000000000000000F4
:1060AC0000000000000000000000000003000000E1
:1060BC0018AF0020430000000000000000000000AA
:1060CC0000000000000000000000000000000000C4
:1060DC0000000000000000000000000000000000B4
:1060EC0000000000000000000000000000000000A4
:1060FC000000000000000000000000000000000094
:10610C000000000000000000000000000000000083
:10611C000000000000000000000000000000000073
:10612C000000000000000000000000000000000063
:10613C000000000000000000000000000000000053
:10614C000000000000000000000000000000000043
:10615C000000000000000000000000000000000033
:10616C000000000000000000000000000000000023
:10617C000000000000000000000000000000000013
:10618C000000000000000000000000000000000003
:10619C0000000000000000000000000043000000B0
:1061AC0000000000000000000000000000000000E3
:1061BC000000000000000000000000004300000090
:1061CC0000000000000000000000000000000000C3
:1061DC000000000000000000000000004300000070
:1061EC0000000000000000000000000000000000A3
:1061FC000000000000000000000000004300000050
:10620C000000000000000000000000000000000082
:10621C00000000000000000000000000430000002F
:10622C000000000000000000000000000000000062
:10623C00000000000000000000000000430000000F
:10624C000000000000000000000000000000000042
:10625C0000000000000000000000000043000000EF
:10626C000000000000000000000000000000000022
:10627C00000000000000000000000000411A0100B6
:10628C000109010000000000905D0100D0580100E0
:10629C00005A0100005A0100005A0100005A010086
:1062AC00005A0100005A0100005A0100005A010076
:1062BC00005A0100FFFFFFFFFFFFFFFFFFFFFFFF83
:1062CC00FFFF00000100415343494900000000005A
:1062DC0000000000000000000000000000000000B2
:1062EC000000000000004153434949000000000039
:1062FC000000000000000000000000000000000092
:10630C00000000000000000043000000000000003E
:10631C000000000000000000000000000000000071
:10632C000000000000000000FFFFFFFF0000020063
:10633C000000000000000000800400208004002009
:10634C008804002088040020900400209004002081
:10635C009804002098040020A0040020A004002031
:10636C00A8040020A8040020B0040020B0040020E1
:10637C00B8040020B8040020C0040020C004002091
:10638C00C8040020C8040020D0040020D004002041
:10639C00D8040020D8040020E0040020E0040020F1
:1063AC00E8040020E8040020F0040020F0040020A1
:1063BC00F8040020F804002000050020000500204F
:1063CC0008050020080500201005002010050020FD
:1063DC0018050020180500202005002020050020AD
:1063EC00280500202805002030050020300500205D
:1063FC00380500203805002040050020400500200D
:10640C0048050020480500205005002050050020BC
:10641C00580500205805002060050020600500206C
:10642C00680500206805002070050020700500201C
:10643C0078050020780500208005002080050020CC
:10644C00880500208805002090050020900500207C
:10645C009805002098050020A0050020A00500202C
:10646C00A8050020A8050020B0050020B0050020DC
:10647C00B8050020B8050020C0050020C00500208C
:10648C00C8050020C8050020D0050020D00500203C
:10649C00D8050020D8050020E0050020E0050020EC
:1064AC00E8050020E8050020F0050020F00500209C
:1064BC00F8050020F805002000060020000600204A
:1064CC0008060020080600201006002010060020F8
:1064DC0018060020180600202006002020060020A8
:1064EC002806002028060020300600203006002058
:1064FC003806002038060020400600204006002008
:10650C0048060020480600205006002050060020B7
:10651C005806002058060020600600206006002067
:10652C006806002068060020700600207006002017
:10653C0078060020780600208006002080060020C7
:10654C008806002088060020900600209006002077
:10655C009806002098060020A0060020A006002027
:10656C00A8060020A8060020B0060020B0060020D7
:10657C00B8060020B8060020C0060020C006002087
:10658C00C8060020C8060020D0060020D006002037
:10659C00D8060020D8060020E0060020E0060020E7
:1065AC00E8060020E8060020F0060020F006002097
:1065BC00F8060020F8060020000700200007002045
:1065CC0008070020080700201007002010070020F3
:1065DC0018070020180700202007002020070020A3
:1065EC002807002028070020300700203007002053
:1065FC003807002038070020400700204007002003
:10660C0048070020480700205007002050070020B2
:10661C005807002058070020600700206007002062
:10662C006807002068070020700700207007002012
:10663C0078070020780700208007002080070020C2
:10664C008807002088070020900700209007002072
:10665C009807002098070020A0070020A007002022
:10666C00A8070020A8070020B0070020B0070020D2
:10667C00B8070020B8070020C0070020C007002082
:10668C00C8070020C8070020D0070020D007002032
:10669C00D8070020D8070020E0070020E0070020E2
:1066AC00E8070020E8070020F0070020F007002092
:1066BC00F8070020F8070020000800200008002040
:1066CC0008080020080800201008002010080020EE
:1066DC00180800201808002020080020200800209E
:1066EC00280800202808002030080020300800204E
:1066FC0038080020380800204008002040080020FE
:10670C0048080020480800205008002050080020AD
:10671C00580800205808002060080020600800205D
:10672C00680800206808002070080020700800200D
:0C673C00780800207808002070B20020CF
:020000022000DC
:1011340000000000000000000000000000000000AB
:10114400000000000000000000000000000000009B
:10115400000000000000000000000000000000008B
:10116400000000000000000000000000000000007B
:10117400000000000000000000000000000000006B
:10118400000000000000000000000000000000005B
:10119400000000000000000000000000000000004B
:1011A400000000000000000000000000000000003B
:1011B400000000000000000000000000000000002B
:1011C400000000000000000000000000000000001B
:1011D400000000000000000000000000000000000B
:1011E40000000000000000000000000000000000FB
:1011F40000000000000000000000000000000000EB
:1012040000000000000000000000000000000000DA
:1012140000000000000000000000000000000000CA
:1012240000000000000000000000000000000000BA
:1012340000000000000000000000000000000000AA
:10124400000000000000000000000000000000009A
:10125400000000000000000000000000000000008A
:10126400000000000000000000000000000000007A
:10127400000000000000000000000000000000006A
:10128400000000000000000000000000000000005A
:10129400000000000000000000000000000000004A
:1012A400000000000000000000000000000000003A
:1012B400000000000000000000000000000000002A
:1012C400000000000000000000000000000000001A
:1012D400000000000000000000000000000000000A
:1012E40000000000000000000000000000000000FA
:1012F40000000000000000000000000000000000EA
:1013040000000000000000000000000000000000D9
:1013140000000000000000000000000000000000C9
:1013240000000000000000000000000000000000B9
:1013340000000000000000000000000000000000A9
:101344000000000000000000000000000000000099
:101354000000000000000000000000000000000089
:101364000000000000000000000000000000000079
:101374000000000000000000000000000000000069
:101384000000000000000000000000000000000059
:101394000000000000000000000000000000000049
:1013A4000000000000000000000000000000000039
:1013B4000000000000000000000000000000000029
:1013C4000000000000000000000000000000000019
:1013D4000000000000000000000000000000000009
:1013E40000000000000000000000000000000000F9
:1013F40000000000000000000000000000000000E9
:1014040000000000000000000000000000000000D8
:1014140000000000000000000000000000000000C8
:1014240000000000000000000000000000000000B8
:1014340000000000000000000000000000000000A8
:101444000000000000000000000000000000000098
:101454000000000000000000000000000000000088
:101464000000000000000000000000000000000078
:101474000000000000000000000000000000000068
:101484000000000000000000000000000000000058
:101494000000000000000000000000000000000048
:1014A4000000000000000000000000000000000038
:1014B4000000000000000000000000000000000028
:1014C4000000000000000000000000000000000018
:1014D4000000000000000000000000000000000008
:1014E40000000000000000000000000000000000F8
:1014F40000000000000000000000000000000000E8
:1015040000000000000000000000000000000000D7
:1015140000000000000000000000000000000000C7
:1015240000000000000000000000000000000000B7
:1015340000000000000000000000000000000000A7
:101544000000000000000000000000000000000097
:101554000000000000000000000000000000000087
:101564000000000000000000000000000000000077
:101574000000000000000000000000000000000067
:101584000000000000000000000000000000000057
:101594000000000000000000000000000000000047
:1015A4000000000000000000000000000000000037
:1015B4000000000000000000000000000000000027
:1015C4000000000000000000000000000000000017
:1015D4000000000000000000000000000000000007
:1015E40000000000000000000000000000000000F7
:1015F40000000000000000000000000000000000E7
:1016040000000000000000000000000000000000D6
:1016140000000000000000000000000000000000C6
:1016240000000000000000000000000000000000B6
:1016340000000000000000000000000000000000A6
:101644000000000000000000000000000000000096
:101654000000000000000000000000000000000086
:101664000000000000000000000000000000000076
:101674000000000000000000000000000000000066
:101684000000000000000000000000000000000056
:101694000000000000000000000000000000000046
:1016A4000000000000000000000000000000000036
:1016B4000000000000000000000000000000000026
:1016C4000000000000000000000000000000000016
:1016D4000000000000000000000000000000000006
:1016E40000000000000000000000000000000000F6
:1016F40000000000000000000000000000000000E6
:1017040000000000000000000000000000000000D5
:1017140000000000000000000000000000000000C5
:1017240000000000000000000000000000000000B5
:1017340000000000000000000000000000000000A5
:101744000000000000000000000000000000000095
:101754000000000000000000000000000000000085
:101764000000000000000000000000000000000075
:101774000000000000000000000000000000000065
:101784000000000000000000000000000000000055
:101794000000000000000000000000000000000045
:1017A4000000000000000000000000000000000035
:1017B4000000000000000000000000000000000025
:1017C4000000000000000000000000000000000015
:1017D4000000000000000000000000000000000005
:1017E40000000000000000000000000000000000F5
:1017F40000000000000000000000000000000000E5
:1018040000000000000000000000000000000000D4
:1018140000000000000000000000000000000000C4
:1018240000000000000000000000000000000000B4
:1018340000000000000000000000000000000000A4
:101844000000000000000000000000000000000094
:101854000000000000000000000000000000000084
:101864000000000000000000000000000000000074
:101874000000000000000000000000000000000064
:101884000000000000000000000000000000000054
:101894000000000000000000000000000000000044
:1018A4000000000000000000000000000000000034
:1018B4000000000000000000000000000000000024
:1018C4000000000000000000000000000000000014
:1018D4000000000000000000000000000000000004
:1018E40000000000000000000000000000000000F4
:1018F40000000000000000000000000000000000E4
:1019040000000000000000000000000000000000D3
:1019140000000000000000000000000000000000C3
:1019240000000000000000000000000000000000B3
:1019340000000000000000000000000000000000A3
:101944000000000000000000000000000000000093
:101954000000000000000000000000000000000083
:101964000000000000000000000000000000000073
:101974000000000000000000000000000000000063
:101984000000000000000000000000000000000053
:101994000000000000000000000000000000000043
:1019A4000000000000000000000000000000000033
:1019B4000000000000000000000000000000000023
:1019C4000000000000000000000000000000000013
:1019D4000000000000000000000000000000000003
:1019E40000000000000000000000000000000000F3
:1019F40000000000000000000000000000000000E3
:101A040000000000000000000000000000000000D2
:101A140000000000000000000000000000000000C2
:101A240000000000000000000000000000000000B2
:101A340000000000000000000000000000000000A2
:101A44000000000000000000000000000000000092
:101A54000000000000000000000000000000000082
:101A64000000000000000000000000000000000072
:101A74000000000000000000000000000000000062
:101A84000000000000000000000000000000000052
:101A94000000000000000000000000000000000042
:101AA4000000000000000000000000000000000032
:101AB4000000000000000000000000000000000022
:101AC4000000000000000000000000000000000012
:101AD4000000000000000000000000000000000002
:101AE40000000000000000000000000000000000F2
:101AF40000000000000000000000000000000000E2
:101B040000000000000000000000000000000000D1
:101B140000000000000000000000000000000000C1
:101B240000000000000000000000000000000000B1
:101B340000000000000000000000000000000000A1
:101B44000000000000000000000000000000000091
:101B54000000000000000000000000000000000081
:101B64000000000000000000000000000000000071
:101B74000000000000000000000000000000000061
:101B84000000000000000000000000000000000051
:101B94000000000000000000000000000000000041
:101BA4000000000000000000000000000000000031
:101BB4000000000000000000000000000000000021
:101BC4000000000000000000000000000000000011
:101BD4000000000000000000000000000000000001
:101BE40000000000000000000000000000000000F1
:101BF40000000000000000000000000000000000E1
:101C040000000000000000000000000000000000D0
:101C140000000000000000000000000000000000C0
:101C240000000000000000000000000000000000B0
:101C340000000000000000000000000000000000A0
:101C44000000000000000000000000000000000090
:101C54000000000000000000000000000000000080
:101C64000000000000000000000000000000000070
:101C74000000000000000000000000000000000060
:101C84000000000000000000000000000000000050
:101C94000000000000000000000000000000000040
:101CA4000000000000000000000000000000000030
:101CB4000000000000000000000000000000000020
:101CC4000000000000000000000000000000000010
:101CD4000000000000000000000000000000000000
:101CE40000000000000000000000000000000000F0
:101CF40000000000000000000000000000000000E0
:101D040000000000000000000000000000000000CF
:101D140000000000000000000000000000000000BF
:101D240000000000000000000000000000000000AF
:101D3400000000000000000000000000000000009F
:101D4400000000000000000000000000000000008F
:101D5400000000000000000000000000000000007F
:101D6400000000000000000000000000000000006F
:101D7400000000000000000000000000000000005F
:101D8400000000000000000000000000000000004F
:101D9400000000000000000000000000000000003F
:101DA400000000000000000000000000000000002F
:101DB400000000000000000000000000000000001F
:101DC400000000000000000000000000000000000F
:101DD40000000000000000000000000000000000FF
:101DE40000000000000000000000000000000000EF
:101DF40000000000000000000000000000000000DF
:101E040000000000000000000000000000000000CE
:101E140000000000000000000000000000000000BE
:101E240000000000000000000000000000000000AE
:101E3400000000000000000000000000000000009E
:101E4400000000000000000000000000000000008E
:101E5400000000000000000000000000000000007E
:101E6400000000000000000000000000000000006E
:101E7400000000000000000000000000000000005E
:101E8400000000000000000000000000000000004E
:101E9400000000000000000000000000000000003E
:101EA400000000000000000000000000000000002E
:101EB400000000000000000000000000000000001E
:101EC400000000000000000000000000000000000E
:101ED40000000000000000000000000000000000FE
:101EE40000000000000000000000000000000000EE
:101EF40000000000000000000000000000000000DE
:101F040000000000000000000000000000000000CD
:101F140000000000000000000000000000000000BD
:101F240000000000000000000000000000000000AD
:101F3400000000000000000000000000000000009D
:101F4400000000000000000000000000000000008D
:101F5400000000000000000000000000000000007D
:101F6400000000000000000000000000000000006D
:101F7400000000000000000000000000000000005D
:101F8400000000000000000000000000000000004D
:101F9400000000000000000000000000000000003D
:101FA400000000000000000000000000000000002D
:101FB400000000000000000000000000000000001D
:101FC400000000000000000000000000000000000D
:101FD40000000000000000000000000000000000FD
:101FE40000000000000000000000000000000000ED
:101FF40000000000000000000000000000000000DD
:1020040000000000000000000000000000000000CC
:1020140000000000000000000000000000000000BC
:1020240000000000000000000000000000000000AC
:10203400000000000000000000000000000000009C
:10204400000000000000000000000000000000008C
:10205400000000000000000000000000000000007C
:10206400000000000000000000000000000000006C
:10207400000000000000000000000000000000005C
:10208400000000000000000000000000000000004C
:10209400000000000000000000000000000000003C
:1020A400000000000000000000000000000000002C
:1020B400000000000000000000000000000000001C
:1020C400000000000000000000000000000000000C
:1020D40000000000000000000000000000000000FC
:1020E40000000000000000000000000000000000EC
:1020F40000000000000000000000000000000000DC
:1021040000000000000000000000000000000000CB
:1021140000000000000000000000000000000000BB
:1021240000000000000000000000000000000000AB
:10213400000000000000000000000000000000009B
:10214400000000000000000000000000000000008B
:10215400000000000000000000000000000000007B
:10216400000000000000000000000000000000006B
:10217400000000000000000000000000000000005B
:10218400000000000000000000000000000000004B
:10219400000000000000000000000000000000003B
:1021A400000000000000000000000000000000002B
:1021B400000000000000000000000000000000001B
:1021C400000000000000000000000000000000000B
:1021D40000000000000000000000000000000000FB
:1021E40000000000000000000000000000000000EB
:1021F40000000000000000000000000000000000DB
:1022040000000000000000000000000000000000CA
:1022140000000000000000000000000000000000BA
:1022240000000000000000000000000000000000AA
:10223400000000000000000000000000000000009A
:10224400000000000000000000000000000000008A
:10225400000000000000000000000000000000007A
:10226400000000000000000000000000000000006A
:10227400000000000000000000000000000000005A
:10228400000000000000000000000000000000004A
:10229400000000000000000000000000000000003A
:1022A400000000000000000000000000000000002A
:1022B400000000000000000000000000000000001A
:1022C400000000000000000000000000000000000A
:1022D40000000000000000000000000000000000FA
:1022E40000000000000000000000000000000000EA
:1022F40000000000000000000000000000000000DA
:1023040000000000000000000000000000000000C9
:1023140000000000000000000000000000000000B9
:1023240000000000000000000000000000000000A9
:102334000000000000000000000000000000000099
:102344000000000000000000000000000000000089
:102354000000000000000000000000000000000079
:102364000000000000000000000000000000000069
:102374000000000000000000000000000000000059
:102384000000000000000000000000000000000049
:102394000000000000000000000000000000000039
:1023A4000000000000000000000000000000000029
:1023B4000000000000000000000000000000000019
:1023C4000000000000000000000000000000000009
:1023D40000000000000000000000000000000000F9
:1023E40000000000000000000000000000000000E9
:1023F40000000000000000000000000000000000D9
:1024040000000000000000000000000000000000C8
:1024140000000000000000000000000000000000B8
:1024240000000000000000000000000000000000A8
:102434000000000000000000000000000000000098
:102444000000000000000000000000000000000088
:102454000000000000000000000000000000000078
:102464000000000000000000000000000000000068
:102474000000000000000000000000000000000058
:102484000000000000000000000000000000000048
:102494000000000000000000000000000000000038
:1024A4000000000000000000000000000000000028
:1024B4000000000000000000000000000000000018
:1024C4000000000000000000000000000000000008
:1024D40000000000000000000000000000000000F8
:1024E40000000000000000000000000000000000E8
:1024F40000000000000000000000000000000000D8
:1025040000000000000000000000000000000000C7
:1025140000000000000000000000000000000000B7
:1025240000000000000000000000000000000000A7
:102534000000000000000000000000000000000097
:102544000000000000000000000000000000000087
:102554000000000000000000000000000000000077
:102564000000000000000000000000000000000067
:102574000000000000000000000000000000000057
:102584000000000000000000000000000000000047
:102594000000000000000000000000000000000037
:1025A4000000000000000000000000000000000027
:1025B4000000000000000000000000000000000017
:1025C4000000000000000000000000000000000007
:1025D40000000000000000000000000000000000F7
:1025E40000000000000000000000000000000000E7
:1025F40000000000000000000000000000000000D7
:1026040000000000000000000000000000000000C6
:1026140000000000000000000000000000000000B6
:1026240000000000000000000000000000000000A6
:102634000000000000000000000000000000000096
:102644000000000000000000000000000000000086
:102654000000000000000000000000000000000076
:102664000000000000000000000000000000000066
:102674000000000000000000000000000000000056
:102684000000000000000000000000000000000046
:102694000000000000000000000000000000000036
:1026A4000000000000000000000000000000000026
:1026B4000000000000000000000000000000000016
:1026C4000000000000000000000000000000000006
:1026D40000000000000000000000000000000000F6
:1026E40000000000000000000000000000000000E6
:1026F40000000000000000000000000000000000D6
:1027040000000000000000000000000000000000C5
:1027140000000000000000000000000000000000B5
:1027240000000000000000000000000000000000A5
:102734000000000000000000000000000000000095
:102744000000000000000000000000000000000085
:102754000000000000000000000000000000000075
:102764000000000000000000000000000000000065
:102774000000000000000000000000000000000055
:102784000000000000000000000000000000000045
:102794000000000000000000000000000000000035
:1027A4000000000000000000000000000000000025
:1027B4000000000000000000000000000000000015
:1027C4000000000000000000000000000000000005
:1027D40000000000000000000000000000000000F5
:1027E40000000000000000000000000000000000E5
:1027F40000000000000000000000000000000000D5
:1028040000000000000000000000000000000000C4
:1028140000000000000000000000000000000000B4
:1028240000000000000000000000000000000000A4
:102834000000000000000000000000000000000094
:102844000000000000000000000000000000000084
:102854000000000000000000000000000000000074
:102864000000000000000000000000000000000064
:102874000000000000000000000000000000000054
:102884000000000000000000000000000000000044
:102894000000000000000000000000000000000034
:1028A4000000000000000000000000000000000024
:1028B4000000000000000000000000000000000014
:1028C4000000000000000000000000000000000004
:1028D40000000000000000000000000000000000F4
:1028E40000000000000000000000000000000000E4
:1028F40000000000000000000000000000000000D4
:1029040000000000000000000000000000000000C3
:1029140000000000000000000000000000000000B3
:1029240000000000000000000000000000000000A3
:102934000000000000000000000000000000000093
:102944000000000000000000000000000000000083
:102954000000000000000000000000000000000073
:102964000000000000000000000000000000000063
:102974000000000000000000000000000000000053
:102984000000000000000000000000000000000043
:102994000000000000000000000000000000000033
:1029A4000000000000000000000000000000000023
:1029B4000000000000000000000000000000000013
:1029C4000000000000000000000000000000000003
:1029D40000000000000000000000000000000000F3
:1029E40000000000000000000000000000000000E3
:1029F40000000000000000000000000000000000D3
:102A040000000000000000000000000000000000C2
:102A140000000000000000000000000000000000B2
:102A240000000000000000000000000000000000A2
:102A34000000000000000000000000000000000092
:102A44000000000000000000000000000000000082
:102A54000000000000000000000000000000000072
:102A64000000000000000000000000000000000062
:102A74000000000000000000000000000000000052
:102A84000000000000000000000000000000000042
:102A94000000000000000000000000000000000032
:102AA4000000000000000000000000000000000022
:102AB4000000000000000000000000000000000012
:102AC4000000000000000000000000000000000002
:102AD40000000000000000000000000000000000F2
:102AE40000000000000000000000000000000000E2
:102AF40000000000000000000000000000000000D2
:102B040000000000000000000000000000000000C1
:102B140000000000000000000000000000000000B1
:102B240000000000000000000000000000000000A1
:102B34000000000000000000000000000000000091
:102B44000000000000000000000000000000000081
:102B54000000000000000000000000000000000071
:102B64000000000000000000000000000000000061
:102B74000000000000000000000000000000000051
:102B84000000000000000000000000000000000041
:102B94000000000000000000000000000000000031
:102BA4000000000000000000000000000000000021
:102BB4000000000000000000000000000000000011
:102BC4000000000000000000000000000000000001
:102BD40000000000000000000000000000000000F1
:102BE40000000000000000000000000000000000E1
:102BF40000000000000000000000000000000000D1
:102C040000000000000000000000000000000000C0
:102C140000000000000000000000000000000000B0
:102C240000000000000000000000000000000000A0
:102C34000000000000000000000000000000000090
:102C44000000000000000000000000000000000080
:102C54000000000000000000000000000000000070
:102C64000000000000000000000000000000000060
:102C74000000000000000000000000000000000050
:102C84000000000000000000000000000000000040
:102C94000000000000000000000000000000000030
:102CA4000000000000000000000000000000000020
:102CB4000000000000000000000000000000000010
:102CC4000000000000000000000000000000000000
:102CD40000000000000000000000000000000000F0
:102CE40000000000000000000000000000000000E0
:102CF40000000000000000000000000000000000D0
:102D040000000000000000000000000000000000BF
:102D140000000000000000000000000000000000AF
:102D2400000000000000000000000000000000009F
:102D3400000000000000000000000000000000008F
:102D4400000000000000000000000000000000007F
:102D5400000000000000000000000000000000006F
:102D6400000000000000000000000000000000005F
:102D7400000000000000000000000000000000004F
:102D8400000000000000000000000000000000003F
:102D9400000000000000000000000000000000002F
:102DA400000000000000000000000000000000001F
:102DB400000000000000000000000000000000000F
:102DC40000000000000000000000000000000000FF
:102DD40000000000000000000000000000000000EF
:102DE40000000000000000000000000000000000DF
:102DF40000000000000000000000000000000000CF
:102E040000000000000000000000000000000000BE
:102E140000000000000000000000000000000000AE
:102E2400000000000000000000000000000000009E
:102E3400000000000000000000000000000000008E
:102E4400000000000000000000000000000000007E
:102E5400000000000000000000000000000000006E
:102E6400000000000000000000000000000000005E
:102E7400000000000000000000000000000000004E
:102E8400000000000000000000000000000000003E
:102E9400000000000000000000000000000000002E
:102EA400000000000000000000000000000000001E
:102EB400000000000000000000000000000000000E
:102EC40000000000000000000000000000000000FE
:102ED40000000000000000000000000000000000EE
:102EE40000000000000000000000000000000000DE
:102EF40000000000000000000000000000000000CE
:102F040000000000000000000000000000000000BD
:102F140000000000000000000000000000000000AD
:102F2400000000000000000000000000000000009D
:102F3400000000000000000000000000000000008D
:102F4400000000000000000000000000000000007D
:102F5400000000000000000000000000000000006D
:102F6400000000000000000000000000000000005D
:102F7400000000000000000000000000000000004D
:102F8400000000000000000000000000000000003D
:102F9400000000000000000000000000000000002D
:102FA400000000000000000000000000000000001D
:102FB400000000000000000000000000000000000D
:102FC40000000000000000000000000000000000FD
:102FD40000000000000000000000000000000000ED
:102FE40000000000000000000000000000000000DD
:102FF40000000000000000000000000000000000CD
:1030040000000000000000000000000000000000BC
:1030140000000000000000000000000000000000AC
:10302400000000000000000000000000000000009C
:10303400000000000000000000000000000000008C
:10304400000000000000000000000000000000007C
:10305400000000000000000000000000000000006C
:10306400000000000000000000000000000000005C
:10307400000000000000000000000000000000004C
:10308400000000000000000000000000000000003C
:10309400000000000000000000000000000000002C
:1030A400000000000000000000000000000000001C
:1030B400000000000000000000000000000000000C
:1030C40000000000000000000000000000000000FC
:1030D40000000000000000000000000000000000EC
:1030E40000000000000000000000000000000000DC
:1030F40000000000000000000000000000000000CC
:1031040000000000000000000000000000000000BB
:1031140000000000000000000000000000000000AB
:10312400000000000000000000000000000000009B
:043134000000000097
:0400000300000201F6
:00000001FF
